metric,threshold_param,threshold_value,direction,n_valid,min,p05,q25,median,q75,p95,max,n_excluded_by_threshold,frac_excluded_by_threshold
line_noise_ratio_post,max_line_noise_ratio,0.25,greater,55,6.735848316227673e-07,3.550621801545157e-06,1.0295773003078758e-05,2.9100709316287803e-05,7.2001299512233e-05,0.0005656506184874283,0.0030536700294847324,0,0.0
ocular_index,max_ocular_index,0.8,greater,55,0.2033120609235442,0.258213641739009,0.41934021770418267,0.5214898283809698,0.6598395616591849,0.8673887682728819,0.9413286809859459,7,0.12727272727272726
muscle_ratio,max_muscle_ratio,0.6,greater,55,0.0006250832701191202,0.004883151530975511,0.02819350644914278,0.044094645147383656,0.06576165070118527,0.08421491316089492,0.20616354871731754,0,0.0
zero_diff_fraction,max_zero_diff_fraction,0.2,greater,55,3.2239033086919657e-06,5.966891187409867e-06,1.6758736463057176e-05,4.6692970373310296e-05,0.00010712513199284106,0.000738702963839341,0.0026223243369653524,0,0.0
saturation_fraction,max_saturation_fraction,0.0001,greater,55,0.0,0.0,0.0,0.0,0.0,0.0,0.0005223943072415237,1,0.01818181818181818
nonstationarity_cv,max_nonstationarity_cv,1.0,greater,55,0.22401821365659524,0.42759037128082894,0.7393724380560796,1.2055752311708574,3.1078441850338248,9.272144587531963,10.689204497849124,33,0.6
min_channel_corr,min_channel_corr,-0.5,less,55,0.05336731833105945,0.48364080736823784,0.8531447327665318,0.889596638222098,0.9469237252222267,0.9889402536869791,0.9991470979214628,0,0.0
z__line_noise_ratio_post,cohort_mad_z_max,4.0,abs_greater,55,-0.8618281839268039,-0.7746047453332854,-0.5701112724368163,0.0,1.3006217972522855,16.26664118125996,91.69619268975504,9,0.16363636363636364
z__ocular_index,cohort_mad_z_max,4.0,abs_greater,55,-1.9962419864955274,-1.6517903875525777,-0.6408849473257416,0.0,0.8680039105101371,2.1701641582764615,2.634061932829119,0,0.0
z__muscle_ratio,cohort_mad_z_max,4.0,abs_greater,55,-1.533939763107832,-1.3836824350538495,-0.561114211290949,0.0,0.7645782458147471,1.415750970442975,5.719034763937553,1,0.01818181818181818
z__nonstationarity_cv,cohort_mad_z_max,4.0,abs_greater,55,-1.084257066319178,-0.8593852081678406,-0.5149814669478341,0.0,2.1013028468675214,8.910572355478257,10.47589886605631,10,0.18181818181818182
z__log_rms_counts,cohort_mad_z_max,4.0,abs_greater,55,-1.6613248823271485,-1.053918993042786,-0.47166559980797446,0.0,0.8828595933715968,2.719100031901219,5.762673623240696,1,0.01818181818181818
