implied_fs_if_peak_is_line_hz,fs_assumed_hz,fs_is_assumption,line_peak_hz_under_assumed_fs,line_peak_prominence_log10,fs_verification,fs_supported,subject_id
"[250.0, 300.0]",250.0,True,50.0,5.414857355987548,line_peak_at_expected_frequency,True,02010001
"[250.0, 300.0]",250.0,True,50.0,6.398653662046527,line_peak_at_expected_frequency,True,02010002
"[250.0, 300.0]",250.0,True,50.0,4.70797838841623,line_peak_at_expected_frequency,True,02010003
"[250.0, 300.0]",250.0,True,50.0,5.0109277889698145,line_peak_at_expected_frequency,True,02010005
"[250.0, 300.0]",250.0,True,50.0,6.140424710685181,line_peak_at_expected_frequency,True,02010006
"[250.0, 300.0]",250.0,True,50.0,5.893208639286131,line_peak_at_expected_frequency,True,02010007
"[250.0, 300.0]",250.0,True,50.0,6.4221596591519585,line_peak_at_expected_frequency,True,02010008
"[250.0, 300.0]",250.0,True,50.0,6.900770939266794,line_peak_at_expected_frequency,True,02010009
"[250.0, 300.0]",250.0,True,50.0,6.692507362238599,line_peak_at_expected_frequency,True,02010010
"[250.0, 300.0]",250.0,True,50.0,6.57841633786432,line_peak_at_expected_frequency,True,02010011
"[250.0, 300.0]",250.0,True,50.0,6.827120279496235,line_peak_at_expected_frequency,True,02010012
"[250.0, 300.0]",250.0,True,50.0,3.8215516410412604,line_peak_at_expected_frequency,True,02010013
"[250.0, 300.0]",250.0,True,50.0,4.425052699426583,line_peak_at_expected_frequency,True,02010014
"[250.0, 300.0]",250.0,True,50.0,4.71588951182323,line_peak_at_expected_frequency,True,02010015
"[250.0, 300.0]",250.0,True,50.0,4.087665206814439,line_peak_at_expected_frequency,True,02010016
"[250.0, 300.0]",250.0,True,50.0,7.282687268634249,line_peak_at_expected_frequency,True,02010018
"[250.0, 300.0]",250.0,True,50.0,5.424806120460568,line_peak_at_expected_frequency,True,02010019
"[250.0, 300.0]",250.0,True,50.0,6.867827336505686,line_peak_at_expected_frequency,True,02010020
"[250.0, 300.0]",250.0,True,50.0,5.134224259360668,line_peak_at_expected_frequency,True,02010021
"[250.0, 300.0]",250.0,True,50.0,6.5651133795139565,line_peak_at_expected_frequency,True,02010022
"[250.0, 300.0]",250.0,True,50.0,6.327250015831711,line_peak_at_expected_frequency,True,02010024
"[250.0, 300.0]",250.0,True,50.0,4.508516600435428,line_peak_at_expected_frequency,True,02010025
"[250.0, 300.0]",250.0,True,50.0,5.302437440618792,line_peak_at_expected_frequency,True,02010026
"[250.0, 300.0]",250.0,True,50.0,4.707710247591147,line_peak_at_expected_frequency,True,02010030
"[250.0, 300.0]",250.0,True,50.0,5.0870371185421845,line_peak_at_expected_frequency,True,02010035
"[250.0, 300.0]",250.0,True,50.0,4.242240391894886,line_peak_at_expected_frequency,True,02010038
"[250.0, 300.0]",250.0,True,50.0,5.410858061441945,line_peak_at_expected_frequency,True,02020004
"[250.0, 300.0]",250.0,True,50.0,6.090236868095352,line_peak_at_expected_frequency,True,02020007
"[250.0, 300.0]",250.0,True,50.0,3.8567431656058146,line_peak_at_expected_frequency,True,02020008
"[250.0, 300.0]",250.0,True,50.0,3.5912554138001926,line_peak_at_expected_frequency,True,02020010
"[250.0, 300.0]",250.0,True,50.0,6.441840073155372,line_peak_at_expected_frequency,True,02020011
"[250.0, 300.0]",250.0,True,50.0,5.7626466939764995,line_peak_at_expected_frequency,True,02020014
"[250.0, 300.0]",250.0,True,50.0,3.9220647211332387,line_peak_at_expected_frequency,True,02020015
"[250.0, 300.0]",250.0,True,50.0,6.031089901235639,line_peak_at_expected_frequency,True,02020016
"[250.0, 300.0]",250.0,True,50.0,5.86373714238529,line_peak_at_expected_frequency,True,02020018
"[250.0, 300.0]",250.0,True,50.0,6.729622964029149,line_peak_at_expected_frequency,True,02020019
"[250.0, 300.0]",250.0,True,50.0,5.727002222945725,line_peak_at_expected_frequency,True,02020021
"[250.0, 300.0]",250.0,True,50.0,5.965352700712429,line_peak_at_expected_frequency,True,02020022
"[250.0, 300.0]",250.0,True,50.0,3.709312610606243,line_peak_at_expected_frequency,True,02020023
"[250.0, 300.0]",250.0,True,50.0,3.6899483757894838,line_peak_at_expected_frequency,True,02020025
"[250.0, 300.0]",250.0,True,50.0,6.126739282513153,line_peak_at_expected_frequency,True,02020026
"[250.0, 300.0]",250.0,True,50.0,0.8659484631289116,line_peak_at_expected_frequency,True,02020027
"[250.0, 300.0]",250.0,True,50.0,6.031833641976525,line_peak_at_expected_frequency,True,02030001
"[250.0, 300.0]",250.0,True,50.0,5.654082375542453,line_peak_at_expected_frequency,True,02030002
"[250.0, 300.0]",250.0,True,50.0,5.277937841661203,line_peak_at_expected_frequency,True,02030003
"[250.0, 300.0]",250.0,True,50.0,4.902573806099117,line_peak_at_expected_frequency,True,02030004
"[250.0, 300.0]",250.0,True,50.0,6.01702620359892,line_peak_at_expected_frequency,True,02030005
"[250.0, 300.0]",250.0,True,50.0,3.405463760717984,line_peak_at_expected_frequency,True,02030006
"[250.0, 300.0]",250.0,True,50.0,6.96024159470978,line_peak_at_expected_frequency,True,02030007
"[250.0, 300.0]",250.0,True,50.0,6.039435575125067,line_peak_at_expected_frequency,True,02030008
"[250.0, 300.0]",250.0,True,50.0,5.893400441730089,line_peak_at_expected_frequency,True,02030009
"[250.0, 300.0]",250.0,True,50.0,4.822619704488357,line_peak_at_expected_frequency,True,02030010
"[250.0, 300.0]",250.0,True,50.0,6.157594285608695,line_peak_at_expected_frequency,True,02030016
"[250.0, 300.0]",250.0,True,50.0,6.825681112812404,line_peak_at_expected_frequency,True,02030020
"[250.0, 300.0]",250.0,True,50.0,5.494346321703379,line_peak_at_expected_frequency,True,02030021
