subject_id,source_name,task,n_samples,duration_s,finite,flat_channels,n_wraparound_fixed,saturation_fraction,zero_diff_fraction,line_noise_ratio_raw,line_noise_ratio_post,notch_applied,ocular_index,muscle_ratio,nonstationarity_cv,min_channel_corr,rms_counts,log_rms_counts,z__line_noise_ratio_post,z__ocular_index,z__muscle_ratio,z__nonstationarity_cv,z__log_rms_counts,qc_reasons,qc_pass
02010001,02010001_still.txt,still,301740,1206.96,True,0,0,0.0,2.9827102230735834e-05,128.2970315721516,0.00028814627978310557,True,0.25542694249535247,0.06320870588814424,3.362685636188382,0.9737122765289662,900.6954193872265,2.9545779540839265,7.853512361763281,-1.669274091955862,0.6744907594765952,2.382808291049573,0.8464907839370104,nonstationarity=3.363; cohort_outlier_line_noise_ratio_post(z=7.9),False
02010002,02010002_still.txt,still,298260,1193.04,True,0,0,0.0,8.9407751875607e-06,835.9771751195051,0.00028586392574130243,True,0.42266617628900865,0.0753560753811061,0.7837447020096103,0.7402637343372714,442.28247276545693,2.645699729032568,7.784317989325566,-0.6200179388435626,1.1031431837873824,-0.465966544857996,-0.6662625714795081,cohort_outlier_line_noise_ratio_post(z=7.8),False
02010003,02010003_still.txt,still,316467,1265.868,True,0,0,0.0,4.7398456706249644e-05,4.680123651329133,3.2976120085984202e-06,True,0.6196799142589322,0.027674355983592535,10.228956246070897,0.9739976249518728,1708.8294379304054,3.2326987169850567,-0.782275270380186,0.616042955023304,-0.5794338240901744,9.967494962516046,2.208607253039779,nonstationarity=10.23; cohort_outlier_nonstationarity_cv(z=10.0),False
02010005,02010005_still.txt,still,294409,1177.636,True,0,0,0.0,5.774299611423603e-05,44.83585669160809,3.893745074522633e-05,True,0.6863779831420006,0.04486821839712654,1.6391462947966982,0.8523884526280817,792.4016935744362,2.89894539507101,0.29822154562389386,1.0345055226204185,0.02729760126884972,0.4789354883105495,0.574026319006847,nonstationarity=1.639,False
02010006,02010006_still.txt,still,301468,1205.872,True,0,0,0.0,1.326845060985116e-05,738.6113863604102,9.937521630488351e-05,True,0.502528994545411,0.08607632422930031,4.7045633193519345,0.44088384535527403,650.6734463524213,2.8133630837617885,2.13051977054536,-0.118959954065842,1.4814358388890363,3.8650862781100126,0.15488078495115465,nonstationarity=4.705,False
02010007,02010007_still.txt,still,306072,1224.288,True,0,0,0.0,2.5048654288275162e-05,205.33620389307816,0.00012725889394633584,True,0.3529305318793201,0.0736617302997388,2.1493669065442917,0.856803478937079,595.9131614912293,2.7751829774702506,2.975872218201356,-1.0575382044434196,1.0433536855616177,1.0425403465081875,-0.03210903569120294,nonstationarity=2.149,False
02010008,02010008_still.txt,still,300859,1203.436,True,0,0,0.0,1.5511193542025364e-05,575.9400706398425,7.12926032753582e-05,True,0.4931777777612845,0.06138300535149549,0.4296063011851038,0.9249523877352134,529.6662361482196,2.7240022894886073,1.2791361773785257,-0.17762933162313088,0.6100660326620019,-0.857158352055651,-0.28277014158134167,,True
02010009,02010009_still.txt,still,303294,1213.176,True,0,0,0.0,8.792377887609232e-06,1509.292190338554,0.00011723406695855777,True,0.29774290397635417,0.06029323677334767,1.112542835326019,0.9165133228959975,440.5748220861969,2.644019674518176,2.6719484625039467,-1.4037844580247103,0.5716106334719602,-0.10276635059552551,-0.6744907594765952,nonstationarity=1.113,False
02010010,02010010_still.txt,still,300454,1201.816,True,0,0,0.0,9.9849227666224e-06,861.4515428436046,6.256927500659523e-05,True,0.4440788796985557,0.035854022553875514,0.8668307705324486,0.8533943084326497,522.9954282643774,2.718497892522663,1.0146700980281183,-0.4856749961166378,-0.2907924102073416,-0.37418720315790177,-0.3097283221989368,,True
02010011,02010011_still.txt,still,303343,1213.372,True,0,137320,0.0,1.6483045539358215e-05,294.40674104046286,3.944604391281412e-05,True,0.4144164299624446,0.03125519437212366,1.2055752311708574,0.9647892517440985,923.1807886094549,2.965286758238307,0.3136406192701298,-0.6717767091895391,-0.45307436353385117,0.0,0.8989379236288548,nonstationarity=1.206,False
02010012,02010012_still.txt,still,303389,1213.556,True,0,0,0.0,8.789624726972282e-06,883.0353841345222,2.4800143876337476e-05,True,0.6289958148659441,0.0276920780681358,1.0040697646424694,0.754383865850904,1027.4463660164006,3.0117591604254113,-0.1303807039987513,0.6744907594765952,-0.5788084529340807,-0.22258892971764896,1.1265398607065444,nonstationarity=1.004,False
02010013,02010013_still.txt,still,300421,1201.684,True,0,0,0.0,0.0003495106850409427,1.1769790484015004,5.594347248219663e-06,True,0.5729814383340133,0.03457074181594574,0.9647690742018582,0.8538374545259274,584.556181630191,2.7668262574985913,-0.7126449016247656,0.32305749883756524,-0.3360764035611002,-0.2660016409113073,-0.07303667367960995,,True
02010014,02010014_still.txt,still,301068,1204.272,True,0,0,0.0,0.0001804692421731154,9.825967748482496,8.03297076045634e-06,True,0.22741720680838698,0.20616354871731754,0.22401821365659524,0.8806614291965026,399.2454401885917,2.601239964729765,-0.6387128908803834,-1.8450067047520857,5.719034763937553,-1.084257066319178,-0.8840074695502926,cohort_outlier_muscle_ratio(z=5.7),False
02010015,02010015_still.txt,still,319400,1277.6,True,0,0,0.0,0.00013045334101442605,4.913233133401534,2.9100709316287803e-05,True,0.7221033174003868,0.016875586181975842,1.1018443379046299,0.8321433528659956,727.1955149429865,2.861651191663968,0.0,1.2586456716888799,-0.9604973010609781,-0.11458422894712116,0.3913752715521152,nonstationarity=1.102,False
02010016,02010016_still.txt,still,301682,1206.728,True,0,0,0.0,0.000287279167951136,0.5472254596770914,1.4362817577961027e-06,True,0.6558974389865332,0.018871769189880264,0.7003621929664866,0.9661243972100501,1030.1323752324256,3.0128930364906217,-0.8387054193599865,0.8432710988559844,-0.8900566442420675,-0.5580733435709052,1.1320931004080104,,True
02010018,02010018_still.txt,still,310184,1240.736,True,0,0,0.0,3.2239033086919657e-06,432.7745812603967,3.044387081640247e-05,True,0.8659946127078699,0.005791758651959185,6.5414408742145245,0.989897926786605,1715.6653690466408,3.2344325850579425,0.040720771353032086,2.1614172496007766,-1.3516198024500288,5.894155841350049,2.2170989968157326,ocular=0.866; nonstationarity=6.541; cohort_outlier_nonstationarity_cv(z=5.9),False
02010019,02010019_still.txt,still,302509,1210.036,True,0,0,0.0,3.7464573939642366e-05,72.24818699656295,6.852849312412728e-06,True,0.4854656552017533,0.031613375908466315,0.35250447085418435,0.9538781452542946,937.7808049242252,2.9721013390865534,-0.6744907594765951,-0.22601505945496506,-0.44043496996097925,-0.9423273263187555,0.9323128241814193,,True
02010020,02010020_still.txt,still,300362,1201.448,True,0,0,0.0,2.3305289301873413e-05,351.3417288668794,3.732444770625078e-05,True,0.7311399667121219,0.029542239559521434,0.422886534837521,0.8620832202229333,691.8388620090877,2.8400049535761025,0.24931995937662432,1.3153414581904785,-0.5135205559034998,-0.8645812057629494,0.28536126135726053,,True
02010021,02010021_still.txt,still,304556,1218.224,True,0,0,0.0,0.0001171107572250223,32.48255300261159,5.490375051618164e-05,True,0.3995041232877128,0.04984276643769717,0.7881326514773638,0.8895704898018109,468.690024498188,2.6708857101843986,0.7822735693541266,-0.765336271623707,0.20283783478825915,-0.46111948540839653,-0.5429124146642983,,True
02010022,02010022_still.txt,still,303689,1214.756,True,0,423799,0.0,1.097617730477771e-05,142.54427388095942,4.2914427210554905e-05,True,0.3015081859456291,0.03638169011243119,1.5623619554253474,0.889596638222098,1777.4000705560816,3.249785193072105,0.41879196795003204,-1.3801611419830986,-0.2721722489999216,0.394117224001388,2.2922895003999764,nonstationarity=1.562,False
02010024,02010024_still.txt,still,302981,1211.924,True,0,0,0.0,3.3005478909498978e-06,569.3326058732347,5.157410231232734e-05,True,0.2033120609235442,0.051598775628038406,1.0778099774961467,0.9706729793753294,1236.8807008577091,3.092327813244531,0.6813282674052473,-1.9962419864955274,0.26480331603816404,-0.14113329807135175,1.5211306411775414,nonstationarity=1.078,False
02010025,02010025_still.txt,still,309693,1238.772,True,0,36159,0.0,0.00010655748291851258,0.04979236862509351,6.735848316227673e-07,True,0.9413286809859459,0.0006250832701191202,6.252848087928556,0.9900021297668896,9086.109399161958,3.9583779615305925,-0.8618281839268039,2.634061932829119,-1.533939763107832,5.575367668848644,5.762673623240696,ocular=0.9413; nonstationarity=6.253; cohort_outlier_nonstationarity_cv(z=5.6); cohort_outlier_log_rms_counts(z=5.8),False
02010026,02010026_still.txt,still,311573,1246.292,True,0,0,0.0,6.098108944321056e-05,77.95698388878039,2.5966692016688018e-05,True,0.4160142591193567,0.0620940299327224,0.7352437441781992,0.8536238793107485,511.4867767953055,2.7088344106013293,-0.09501433882861811,-0.6617519558079206,0.6351564368572531,-0.5195421449643769,-0.35705592096079114,,True
02010030,02010030_still.txt,still,307731,1230.924,True,0,0,0.0,3.899522308517207e-05,67.37769867807759,0.0030536700294847324,True,0.7075266439138912,0.06607072527151354,1.2963681530144597,0.9136262618696306,723.3410663278486,2.859343122048998,91.69619268975504,1.1671918662589569,0.7754847687406194,0.10029256102716445,0.3800713343645708,nonstationarity=1.296; cohort_outlier_line_noise_ratio_post(z=91.7),False
02010035,02010035_still.txt,still,323978,1295.912,True,0,691298,0.0,6.276165694889863e-05,13.30884424453978,4.769217128486839e-06,True,0.8021348130860055,0.030823731069478534,6.056236890710866,0.9502080057697361,669.1185551138341,2.8255030733285653,-0.7376604600213335,1.7607619358337185,-0.4682997002445793,5.35818509453359,0.21433725828723926,ocular=0.8021; nonstationarity=6.056; cohort_outlier_nonstationarity_cv(z=5.4),False
02010038,02010038_still.txt,still,315322,1261.288,True,0,0,0.0,0.00010571237987109432,13.30783276822077,0.0006394378165319157,True,0.5317140242122628,0.07053507472917528,0.5755230579152805,0.8335250226242927,536.6340654035847,2.7296782381220135,18.50365558354439,0.0641464334848932,0.9330212805842754,-0.695974364008037,-0.254971774315636,cohort_outlier_line_noise_ratio_post(z=18.5),False
02020004,02020004_still.txt,still,300427,1201.708,True,0,0,0.0,6.102445638304718e-05,77.75356989346115,2.1581273466870448e-05,True,0.25940794141486184,0.04729947228785297,0.5670843614277584,0.8352463758261055,410.3186774590077,2.613121286240041,-0.22796754366602706,-1.6442973713797415,0.11309089791457569,-0.705295999057104,-0.8258178416525541,,True
02020007,02020007_still.txt,still,302151,1208.604,True,0,0,0.0,1.6548072149594572e-05,345.0357309098984,0.0001853742203498115,True,0.46443374112482244,0.06825880509392068,4.432546030301389,0.501965219659508,482.4498984079482,2.6834522192865826,4.737760805970385,-0.3579689362837523,0.8526970179443476,3.5646078926964475,-0.4813670311817292,nonstationarity=4.433; cohort_outlier_line_noise_ratio_post(z=4.7),False
02020008,02020008_still.txt,still,299461,1197.844,True,0,0,0.0,0.00029497540016474097,1.6100889314231452,5.26896726152959e-06,True,0.5437476247070812,0.0640714482081343,2.428882356452425,0.9268041151552434,909.3287474551005,2.958720921059537,-0.7225094816024732,0.1396450415379657,0.7049349298983085,1.3513014233489162,0.8667812631143387,nonstationarity=2.429,False
02020010,02020010_still.txt,still,309091,1236.364,True,0,0,0.0,0.0006287273393941354,2.3981380864044715,1.6259421349113902e-05,True,0.4297667816646605,0.08540096019692169,0.9203726746876755,0.9436394446747172,620.210516330814,2.792539125889894,-0.3893107054848502,-0.5754688595861357,1.457603812544638,-0.31504322385906763,0.05289395134214121,,True
02020011,02020011_still.txt,still,302421,1209.684,True,0,0,0.0,3.306659612459494e-05,49.72270443373537,3.659054569950901e-06,True,0.8249108639641152,0.013974605414373424,2.853002733879268,0.9830649590749636,824.2840340904789,2.9160768878898558,-0.7713173774560423,1.9036584977549549,-1.0628661669814747,1.8197974026854702,0.6579290390535378,ocular=0.8249; nonstationarity=2.853,False
02020014,02020014_still.txt,still,302365,1209.46,True,0,0,0.0,4.299453638660687e-05,81.93485783515861,1.3187998418233672e-05,True,0.2856887716038388,0.03905867727585788,1.4898735021096643,0.9184860969585374,703.5454326545433,2.8472921479883424,-0.48242736411909193,-1.4794118827347347,-0.17770759654026255,0.31404432315950165,0.321050820881424,nonstationarity=1.49,False
02020015,02020015_still.txt,still,305214,1220.856,True,0,0,0.0,0.00018347842326506408,0.7758541295420974,8.861129736712806e-05,True,0.551130137583489,0.023405178904514132,9.09010446616341,0.9287453710330934,2248.979748082565,3.351985544659469,1.8041888848778562,0.18596280373579513,-0.730083156508958,8.709485424790008,2.7928230837007293,nonstationarity=9.09; cohort_outlier_nonstationarity_cv(z=8.7),False
02020016,02020016_still.txt,still,299832,1199.328,True,0,0,0.0,4.6692970373310296e-05,68.49642719958047,1.3740581023970404e-05,True,0.39487692876374214,0.03899819127988006,0.4383779488429759,0.8528951571004137,581.9258926392343,2.7648676814418476,-0.46567465795535273,-0.7943672126044226,-0.17984200669612116,-0.8474689292441314,-0.08262894099202713,,True
02020018,02020018_still.txt,still,18204,72.816,True,0,0,0.0,5.4935999560512006e-05,93.08040073636262,1.6654726748677934e-05,True,0.5895768327998526,0.06545257613085699,1.3078282599168056,0.9402050500932475,604.9773155297029,2.7817390904789563,-0.37732618926033684,0.42717672589700095,0.7536717228888747,0.11295173585646688,0.0,nonstationarity=1.308,False
02020019,02020019_still.txt,still,301780,1207.12,True,0,0,0.0,6.6273663840094905e-06,2012.7817141814542,0.0005340275336112197,True,0.43911315549594626,0.030686803380694256,1.3213533305845557,0.9179190863722858,546.5770985465778,2.737651430899977,15.307920723138073,-0.5168298666338947,-0.4731315599971505,0.12789193105889304,-0.21592248838348044,nonstationarity=1.321; cohort_outlier_line_noise_ratio_post(z=15.3),False
02020021,02020021_still.txt,still,301979,1207.916,True,0,0,0.0,4.304949367172443e-05,285.0580288605608,6.989002066680453e-05,True,0.3948756721799217,0.08230916485754647,0.4958533384429373,0.8787903098825687,292.39771588588604,2.46597397573442,1.2366139299036112,-0.7943750963902759,1.3485015440688286,-0.7839799049681673,-1.5464823937454784,,True
02020022,02020022_still.txt,still,298625,1194.5,True,0,1809,0.0005223943072415237,0.00052686098014002,157.73579505435575,0.0002784256893925351,True,0.8054187899047834,0.028694934830149753,10.689204497849124,0.05336731833105945,569.157501699702,2.7552324643806845,7.558812179635436,1.7813655514185178,-0.5434199696478172,10.47589886605631,-0.12981811056530285,ocular=0.8054; saturation=0.0005224; nonstationarity=10.69; cohort_outlier_line_noise_ratio_post(z=7.6); cohort_outlier_nonstationarity_cv(z=10.5),False
02020023,02020023_still.txt,still,326452,1305.808,True,0,0,0.0,0.0005421946938437928,2.465047120423138,1.5815124185329392e-05,True,0.46593140634844527,0.0498460157555567,1.5759075257212034,0.8829528973882897,373.19946605305324,2.571941013717607,-0.4027805102832494,-0.34857260974277193,0.2029524956601996,0.40908006370253824,-1.027501192510067,nonstationarity=1.576,False
02020025,02020025_still.txt,still,300548,1202.192,True,0,0,0.0,0.00114901607180685,1.1632121847399386,4.174816542449763e-05,True,0.6637816843318366,0.02377064395417553,5.079926259511532,0.34442245337054,835.1166114886923,2.9217471224178335,0.38343428421374054,0.8927367221642898,-0.7171867446867123,4.279723342529423,0.685699421076326,nonstationarity=5.08; cohort_outlier_nonstationarity_cv(z=4.3),False
02020026,02020026_still.txt,still,300698,1202.792,True,0,0,0.0,2.1062176654018276e-05,122.2391490455219,1.3841905439889962e-05,True,0.4269159195602642,0.03780893570511495,0.6097071261860857,0.9406573892252991,784.0088314392294,2.8943209548065334,-0.4626027947633334,-0.593355120703567,-0.22180807066935804,-0.6582136257963934,0.5513777897171988,,True
02020027,02020027_still.txt,still,300752,1203.008,True,0,0,0.0,0.0026223243369653524,0.00408368376816758,4.682666579753751e-05,False,0.3984391101052977,0.061726747720462584,0.4814976082896187,0.8968265080134896,405.9181313320386,2.608438450582099,0.5373997250703989,-0.7720181465010668,0.6221959015921805,-0.7998376713364678,-0.8487523665878671,,True
02030001,02030001_still.txt,still,294649,1178.596,True,0,0,0.0,1.696940077651978e-05,6.891838300026021,8.816710778883938e-06,True,0.7262611351733279,0.001261371256964971,9.696904870725257,0.9991470979214628,3949.2915549380095,3.5965191965440324,-0.6149521606272556,1.2847317507913518,-1.5114866395505602,9.37977519375084,3.9904442573497296,nonstationarity=9.697; cohort_outlier_nonstationarity_cv(z=9.4),False
02030002,02030002_still.txt,still,352932,1411.728,True,0,0,0.0,2.0778376887644706e-05,23.068774523545805,9.184068860421021e-06,True,0.5498685481589775,0.013426323266496192,4.936602005728576,0.988529822358568,2138.347641991679,3.3300783120632595,-0.6038149262427954,0.17804761280635417,-1.0822137691129545,4.121403110320565,2.685530834102054,nonstationarity=4.937; cohort_outlier_nonstationarity_cv(z=4.1),False
02030003,02030003_still.txt,still,302579,1210.316,True,0,0,0.0,7.821674631555059e-05,9.478079349809413,6.3436453957321585e-06,True,0.8706417979245767,0.03375312577465782,1.8161787114509529,0.7581846830301019,600.504981498397,2.7785166144504854,-0.6899283492686251,2.19057361185306,-0.36492817253515814,0.6744907594765952,-0.015782308461556746,ocular=0.8706; nonstationarity=1.816,False
02030004,02030004_still.txt,still,302440,1209.76,True,0,0,0.0,6.723118821756894e-05,26.112606085129446,8.124406446858295e-06,True,0.5214898283809698,0.06994021137788484,0.7586282423023568,0.8683039213698142,404.8737949609867,2.6073196684153985,-0.6359408253624516,0.0,0.9120299360950814,-0.49371093304185903,-0.8542316828341815,,True
02030005,02030005_still.txt,still,304397,1217.588,True,0,0,0.0,7.665453334910227e-05,509.5936152427456,0.0008161404916424606,True,0.5646008297025646,0.06012445352264693,0.7274203641561469,0.9317045240289346,418.5447434416193,2.6217418919376536,23.86076954938642,0.2704777005814752,0.5656546650099942,-0.528184083150395,-0.7835978043138333,cohort_outlier_line_noise_ratio_post(z=23.9),False
02030006,02030006_still.txt,still,452790,1811.16,True,0,0,0.0,0.0009953127542114907,0.8908347489194223,1.3934326951039095e-05,True,0.5616320769284532,0.08370660728831204,0.7527081112287748,0.91288584933249,358.06412583895076,2.553960811571434,-0.45980084189073817,0.2518517953758283,1.397814038113691,-0.500250485849828,-1.11556052761913,,True
02030007,02030007_still.txt,still,450436,1801.744,True,0,0,0.0,9.620329977318222e-06,686.2933326919625,3.0004037037905277e-05,True,0.49656216979902634,0.044094645147383656,0.4928431579224603,0.8872250570809462,551.9469900696249,2.7418973693492266,0.027386283485418748,-0.15639571263557733,0.0,-0.7873050398732071,-0.1951276989970607,,True
02030008,02030008_still.txt,still,310255,1241.02,True,0,378536,0.0,2.7934101306241554e-05,12.056338693886802,1.1388767675928478e-05,True,0.9047562458370846,0.0028220531021455504,6.618832684660352,0.9637686135063744,2140.3327069670413,3.3304812881009918,-0.5369748356349903,2.404607086954915,-1.4564138061357128,5.9796451362701,2.6875044382728577,ocular=0.9048; nonstationarity=6.619; cohort_outlier_nonstationarity_cv(z=6.0),False
02030009,02030009_still.txt,still,307873,1231.492,True,0,35051,0.0,2.9232927970065482e-05,323.90168649665316,0.00019128831941184302,True,0.5329980970852363,0.06892781095397765,1.4334996763548344,0.7448601594113092,486.871048500626,2.6874139502488092,4.917059181961363,0.07220268519359445,0.8763046791715539,0.2517721190598226,-0.4619641684342197,nonstationarity=1.433; cohort_outlier_line_noise_ratio_post(z=4.9),False
02030010,02030010_still.txt,still,303333,1213.332,True,0,0,0.0,0.00010769278106716953,9.888249789818937,9.202778330229038e-06,True,0.5378172329148898,0.025235552632151877,1.7159727753805891,0.7344059241666362,521.0359095482395,2.7168676557011073,-0.6032477092386423,0.10243786271292443,-0.6654935236504793,0.5638003030560734,-0.3177125244570336,nonstationarity=1.716,False
02030016,02030016_still.txt,still,301123,1204.492,True,0,0,0.0,6.0883407168301665e-05,379.8824734864755,2.4888201882500876e-05,True,0.4328000627926789,0.07051848775697646,0.7435011319339601,0.856778316739606,277.02892333799474,2.442525114155911,-0.1277110399751193,-0.5564381045683291,0.9324359649034508,-0.5104207889312913,-1.6613248823271485,,True
02030020,02030020_still.txt,still,301266,1205.064,True,0,0,0.0,4.425782395344077e-06,134.08630546161163,1.2801547441100542e-05,True,0.7494423988888689,0.005766479429045493,4.530942285238126,0.983344256918777,1818.898481464415,3.2598084603773017,-0.4941434398684717,1.4301706112710684,-1.3525118474473365,3.673299321529261,2.3413791739943246,nonstationarity=4.531,False
02030021,02030021_still.txt,still,301525,1206.1,True,0,0,0.0,4.8641788602786734e-05,98.85407436436536,7.270999574910779e-05,True,0.4525397249947043,0.07855360556809785,1.1810462683633038,0.8664520813608679,414.18666990224307,2.6171961175389473,1.3221074171260454,-0.4325917943694415,1.2159765891806302,-0.02709542164032648,-0.805861061859638,nonstationarity=1.181,False
