settling_time_s,n_blocks,frac_blocks_stable,rms_trend_spearman,tail_rms_trend_spearman,drift_spans_record,ref_mode,reference_used,n_terminal_blocks,dev_log2_first_block,dev_js_first_block,settling_status,subject_id,duration_s
1160.0,60,0.65,-0.7418171714365103,-0.6,True,cohort,cohort_terminal_blocks,5.0,2.7137792549160156,0.05805514798014137,ok,02010001,1206.96
1000.0,59,0.7627118644067796,0.1549970777323203,-0.7999999999999999,True,cohort,cohort_terminal_blocks,5.0,0.3530893482824036,0.026232822740604067,ok,02010002,1193.04
1220.0,63,0.873015873015873,0.1455453149001536,0.3,False,cohort,cohort_terminal_blocks,5.0,0.06675058579497477,0.044474387443404526,ok,02010003,1265.868
1080.0,58,0.3620689655172414,-0.22655264695930363,0.0,False,cohort,cohort_terminal_blocks,5.0,0.5413976036374193,0.06502906698544708,ok,02010005,1177.636
,60,0.7333333333333333,-0.08613503751041958,0.3,False,cohort,cohort_terminal_blocks,5.0,0.04997016180902247,0.10066452808128065,never_stable,02010006,1205.872
,61,0.9344262295081968,-0.30571126388154407,0.7,True,cohort,cohort_terminal_blocks,5.0,0.19932100273514017,0.008749436780952701,never_stable,02010007,1224.288
1100.0,59,0.8305084745762712,-0.3744009351256576,0.7,True,cohort,cohort_terminal_blocks,5.0,0.38402996395289374,0.02935972747623591,ok,02010008,1203.436
1080.0,60,0.55,-0.32220061128091143,-0.3,False,cohort,cohort_terminal_blocks,5.0,0.7270276223897058,0.0076369437899421085,ok,02010009,1213.176
1060.0,59,0.23728813559322035,0.23419053185271776,-0.6,True,cohort,cohort_terminal_blocks,5.0,0.5453364160322055,0.0136984874191622,ok,02010010,1201.816
640.0,60,0.95,-0.36110030564045575,0.7,True,cohort,cohort_terminal_blocks,5.0,0.4149128411665499,0.023777689324158302,ok,02010011,1213.372
820.0,60,0.5,-0.6203945540427899,0.8999999999999998,True,cohort,cohort_terminal_blocks,5.0,0.7634260761580483,0.056599006871330765,ok,02010012,1213.556
,59,0.6949152542372882,-0.26329631794272357,0.49999999999999994,False,cohort,cohort_terminal_blocks,5.0,1.0288573745103657,0.06768866269996825,never_stable,02010013,1201.684
760.0,60,0.9666666666666667,-0.47574326201722705,0.49999999999999994,False,cohort,cohort_terminal_blocks,5.0,0.3057725518376924,0.07964845263945441,ok,02010014,1204.272
1160.0,63,0.6666666666666666,-0.03945852534562212,-0.49999999999999994,False,cohort,cohort_terminal_blocks,5.0,0.04980222457244659,0.03644824019400929,ok,02010015,1277.6
,60,0.1,-0.5340372325646013,0.3,False,cohort,cohort_terminal_blocks,5.0,1.641243345766165,0.10858490450445604,never_stable,02010016,1206.728
880.0,61,0.6721311475409836,-0.7134320465362242,0.7999999999999999,True,cohort,cohort_terminal_blocks,5.0,1.038928176115156,0.06656307377814814,ok,02010018,1240.736
1140.0,60,0.7666666666666667,-0.04440122256182274,0.7,True,cohort,cohort_terminal_blocks,5.0,0.2484572927669207,0.07774487932462645,ok,02010019,1210.036
1140.0,59,0.8135593220338984,0.12594973699590886,-0.3,False,cohort,cohort_terminal_blocks,5.0,0.2538080834464691,0.008253678999950515,ok,02010020,1201.448
1080.0,60,0.55,0.2357321478188386,-0.09999999999999999,False,cohort,cohort_terminal_blocks,5.0,0.5677081148203295,0.0871987528334606,ok,02010021,1218.224
940.0,60,0.36666666666666664,-0.9278688524590166,0.8999999999999998,True,cohort,cohort_terminal_blocks,5.0,2.9863851179714587,0.011867821812771967,ok,02010022,1214.756
,60,0.5333333333333333,-0.5593776048902475,-0.8999999999999998,True,cohort,cohort_terminal_blocks,5.0,1.0105342583245251,0.07914069533993998,never_stable,02010024,1211.924
1200.0,61,0.3770491803278688,-0.3711263881544156,-0.7999999999999999,True,cohort,cohort_terminal_blocks,5.0,1.7442449714142603,0.08557306471421378,ok,02010025,1238.772
660.0,62,0.8548387096774194,-0.4405580317796076,-0.8999999999999998,True,cohort,cohort_terminal_blocks,5.0,0.8488025888768559,0.03667742220661674,ok,02010026,1246.292
,61,0.5245901639344263,-0.342199894235854,-0.7,True,cohort,cohort_terminal_blocks,5.0,1.6010476768874096,0.04465737404338401,never_stable,02010030,1230.924
1220.0,64,0.453125,0.4469322344322344,0.49999999999999994,False,cohort,cohort_terminal_blocks,5.0,0.3103059164971933,0.012783845249940388,ok,02010035,1295.912
,62,0.6774193548387096,-0.4522424517136311,0.8999999999999998,True,cohort,cohort_terminal_blocks,5.0,0.5615449713470555,0.03210428126289101,never_stable,02010038,1261.288
1140.0,59,0.8813559322033898,0.343074225599065,0.19999999999999998,False,cohort,cohort_terminal_blocks,5.0,0.26580911356921877,0.042785183685019906,ok,02020004,1201.708
1100.0,60,0.8,-0.3227007502083913,0.0,False,cohort,cohort_terminal_blocks,5.0,0.5917155628141743,0.0068802075713086126,ok,02020007,1208.604
1040.0,59,0.6779661016949152,0.1544126241963764,0.19999999999999998,False,cohort,cohort_terminal_blocks,5.0,1.9046971893051936,0.08638401027571188,ok,02020008,1197.844
,61,0.18032786885245902,-0.2358540454785827,0.3,False,cohort,cohort_terminal_blocks,5.0,0.7286172353719155,0.0253587126250703,never_stable,02020010,1236.364
1160.0,60,0.6666666666666666,-0.015337593776048907,-0.6,True,cohort,cohort_terminal_blocks,5.0,1.8785596497431292,0.09501919025202074,ok,02020011,1209.684
,60,0.6333333333333333,-0.39399833287024183,0.0,False,cohort,cohort_terminal_blocks,5.0,1.852058153158112,0.04754307447745067,never_stable,02020014,1209.46
,60,0.016666666666666666,-0.053514865240344545,-0.9999999999999999,True,cohort,cohort_terminal_blocks,5.0,1.616895664561913,0.03873342394408784,never_stable,02020015,1220.856
1080.0,59,0.5932203389830508,0.005026300409117476,-0.3,False,cohort,cohort_terminal_blocks,5.0,0.12628438310453113,0.1354644622358262,ok,02020016,1199.328
,3,,,,False,cohort,,,,,insufficient_blocks,02020018,72.816
,60,0.7166666666666667,-0.3814392886913032,0.3,False,cohort,cohort_terminal_blocks,5.0,1.0083979132311167,0.03935977861539,never_stable,02020019,1207.12
1100.0,60,0.8333333333333334,-0.14587385384829124,0.6,True,cohort,cohort_terminal_blocks,5.0,0.32438221736299044,0.02416595778180059,ok,02020021,1207.916
1120.0,59,0.6101694915254238,0.24821741671537115,-0.3,False,cohort,cohort_terminal_blocks,5.0,0.04336934705179851,0.016188825979383883,ok,02020022,1194.5
900.0,65,0.8615384615384616,-0.3270541958041958,0.7,True,cohort,cohort_terminal_blocks,5.0,0.45937856476313504,0.011871171146838166,ok,02020023,1305.808
,59,0.3050847457627119,-0.4023378141437756,0.39999999999999997,False,cohort,cohort_terminal_blocks,5.0,0.19775953883635802,0.15846689798063782,never_stable,02020025,1202.192
640.0,59,0.8813559322033898,-0.11087083576855641,-0.3,False,cohort,cohort_terminal_blocks,5.0,1.1192241527026314,0.07061293818935493,ok,02020026,1202.792
1100.0,59,0.5423728813559322,-0.7841028638223262,0.9999999999999999,True,cohort,cohort_terminal_blocks,5.0,0.8821068339789628,0.015361757176823745,ok,02020027,1203.008
1140.0,58,0.5172413793103449,-0.7389645944200067,0.19999999999999998,False,cohort,cohort_terminal_blocks,5.0,6.560800370161116,0.18034403396221332,ok,02030001,1178.596
1340.0,70,0.2,-0.6782083807190972,-0.7999999999999999,True,cohort,cohort_terminal_blocks,5.0,3.988069474231474,0.07049501627406413,ok,02030002,1411.728
,60,0.26666666666666666,0.5342595165323702,0.49999999999999994,False,cohort,cohort_terminal_blocks,5.0,0.5617950063797796,0.00159061631311242,never_stable,02030003,1210.316
400.0,60,0.8666666666666667,-0.4874687413170326,0.7,True,cohort,cohort_terminal_blocks,5.0,0.9939805553968222,0.0852832692042712,ok,02030004,1209.76
1140.0,60,0.6,-0.33598221728257854,-0.6,True,cohort,cohort_terminal_blocks,5.0,0.8089628424881166,0.08433048146892509,ok,02030005,1217.588
1660.0,90,0.5333333333333333,-0.01380417335473515,-0.39999999999999997,False,cohort,cohort_terminal_blocks,5.0,0.9560604218770148,0.08679130106660679,ok,02030006,1811.16
1680.0,89,0.47191011235955055,-0.5986210418794689,-0.3,False,cohort,cohort_terminal_blocks,5.0,0.8065397285860882,0.023306900643237875,ok,02030007,1801.744
1200.0,61,0.6065573770491803,-0.36652564780539393,0.7,True,cohort,cohort_terminal_blocks,5.0,2.145948227422585,0.06521534184986158,ok,02030008,1241.02
,61,0.6229508196721312,-0.39317821258593333,0.19999999999999998,False,cohort,cohort_terminal_blocks,5.0,0.08108311172113772,0.0013368091265739024,never_stable,02030009,1231.492
1160.0,60,0.65,-0.5936093359266464,-0.09999999999999999,False,cohort,cohort_terminal_blocks,5.0,1.4957576899066676,0.05068366872502258,ok,02030010,1213.332
1180.0,60,0.8333333333333334,-0.3857182550708531,0.7999999999999999,True,cohort,cohort_terminal_blocks,5.0,0.6409751283166372,0.0013644499668570107,ok,02030016,1204.492
1160.0,60,0.65,-0.7837176993609337,0.19999999999999998,False,cohort,cohort_terminal_blocks,5.0,3.6389953986049863,0.11756783625366253,ok,02030020,1205.064
,60,0.5166666666666667,-0.35409836065573774,0.3,False,cohort,cohort_terminal_blocks,5.0,1.04677657564587,0.1140911403718623,never_stable,02030021,1206.1
