subject_id,source_name,task,window_start_s,window_seconds,n_epochs_window,n_epochs_used,frac_epochs_rejected,qc_n_rejected,qc_n_rej_nonfinite,qc_n_rej_flat,qc_n_rej_p2p_high,qc_n_rej_p2p_low,qc_n_rej_jump,qc_n_rej_ocular_lf,drift_log2_rms,drift_js,drift_rms_spearman,p__rel_delta,e__rel_delta_Fp1,e__rel_delta_Fpz,e__rel_delta_Fp2,e__iqr_rel_delta,p__rel_theta,e__rel_theta_Fp1,e__rel_theta_Fpz,e__rel_theta_Fp2,e__iqr_rel_theta,p__rel_alpha,e__rel_alpha_Fp1,e__rel_alpha_Fpz,e__rel_alpha_Fp2,e__iqr_rel_alpha,p__rel_beta,e__rel_beta_Fp1,e__rel_beta_Fpz,e__rel_beta_Fp2,e__iqr_rel_beta,p__spec_entropy,e__spec_entropy_Fp1,e__spec_entropy_Fpz,e__spec_entropy_Fp2,e__iqr_spec_entropy,p__alpha_peak_hz,e__alpha_peak_hz_Fp1,e__alpha_peak_hz_Fpz,e__alpha_peak_hz_Fp2,e__iqr_alpha_peak_hz,p__aperiodic_slope,e__aperiodic_slope_Fp1,e__aperiodic_slope_Fpz,e__aperiodic_slope_Fp2,e__iqr_aperiodic_slope,p__hjorth_mobility,e__hjorth_mobility_Fp1,e__hjorth_mobility_Fpz,e__hjorth_mobility_Fp2,e__iqr_hjorth_mobility,p__hjorth_complexity,e__hjorth_complexity_Fp1,e__hjorth_complexity_Fpz,e__hjorth_complexity_Fp2,e__iqr_hjorth_complexity,e__faa,e__aperiodic_r2,e__alpha_detect_rate,e__perm_entropy,e__perm_entropy_Fp1,e__perm_entropy_Fpz,e__perm_entropy_Fp2,e__higuchi_fd,e__higuchi_fd_Fp1,e__higuchi_fd_Fpz,e__higuchi_fd_Fp2,e__c0_complexity,e__c0_complexity_Fp1,e__c0_complexity_Fpz,e__c0_complexity_Fp2
02010001,02010001_still.txt,still,937.0,240.0,60,57,0.050000000000000044,3,0,0,1,0,0,3,1.5617763436806258,0.1329999143771777,0.3356643356643357,0.2897944827627799,0.2868036868793824,0.2961656014137709,0.2511893270261941,0.12101719698546123,0.18220584668337847,0.18963226532088365,0.17770748043678677,0.16386990517910016,0.07282323470916566,0.17141795164907717,0.17301245274728594,0.1726856511682183,0.18005470650643796,0.07916715542791988,0.2866180624048917,0.2854806739238101,0.2815557812995499,0.3045093437298806,0.07569464099509801,0.8660449446996057,0.8702316292350198,0.860202132877555,0.871542152122032,0.03643303683629673,10.0,10.0,10.0,9.5,1.5,-1.1100819221022349,-1.0801150888554087,-1.1125358583847447,-0.9966908496004225,0.2251974409015678,0.339107130445029,0.33385692144062534,0.3323214424166526,0.34540520039847017,0.03517937110443303,1.7618486009655532,1.7716645354125011,1.7881141398952245,1.741886033036587,0.16058099221449162,-0.20496873696279927,0.5703234464252751,1.0,0.7482494059358119,0.7474373074457643,0.745309346465981,0.7482683707596719,0.4460758741834348,0.43945326838299076,0.4395961224100918,0.4579359202082092,0.0602014287475341,0.06058102588529507,0.05852674939001259,0.060788340475442765
02010002,02010002_still.txt,still,937.0,240.0,60,45,0.25,15,0,0,1,0,0,14,1.1961311043830885,0.14830647980547942,-0.8181818181818183,0.2770613777670306,0.27135967899305774,0.28365270447405133,0.2951975422606354,0.15378498078454256,0.14653344633859677,0.13120558225646795,0.15275250968640486,0.1383949041184767,0.06568211812848411,0.26933166129483144,0.255234597183247,0.3119288458006635,0.26866103351062953,0.24276000972949552,0.1794931256087702,0.22438276354761086,0.16648498850338178,0.18033080910608887,0.07178956688317284,0.8165787447817089,0.8315404693460815,0.804423368846707,0.8116725409928284,0.056500663853155664,10.5,10.5,10.5,10.5,2.0,-1.0551066393082154,-0.8254545137728557,-1.269838807379593,-1.0738098123137207,0.3425213172920376,0.316214619443626,0.34482088629890784,0.30738940961959493,0.316214619443626,0.026949529752524515,1.8812203671977616,1.7834312813766038,1.9092051481417294,1.9065376163401213,0.16265548131210283,0.09700382777799632,0.614121671380407,1.0,0.7388378949922912,0.7470708991220688,0.7359859596229105,0.741190121980617,0.3954709618486821,0.42684721588510166,0.3631478259252517,0.3954709618486821,0.06498302323101937,0.06376212904098852,0.0649679219696364,0.06367755789171659
02010003,02010003_still.txt,still,937.0,240.0,60,57,0.050000000000000044,3,0,0,2,0,1,2,5.124509960168369,0.13871407181886178,0.10489510489510491,0.3394818444552281,0.3480590370221384,0.35490570866842874,0.33418158674997667,0.15074018592742933,0.18905315144956117,0.19962631416827933,0.19224283087577687,0.18981907917732016,0.07845736957417837,0.33484475015026316,0.3094137691485487,0.33867335920429614,0.3357669468606484,0.14230447194618367,0.1112084944863575,0.11653859548352614,0.10478573869033145,0.10845560456008106,0.03513242065820228,0.7427447976958952,0.7484836868695741,0.7392793626180431,0.7394807828465267,0.04721244881714759,9.5,9.5,9.5,9.5,0.0,-1.8118781893476659,-1.760490022778998,-1.83649367055347,-1.7793924857464107,0.28387177567820543,0.23868466423841403,0.24159390051864515,0.23608752653181542,0.23887070939593688,0.02379420941448937,2.0811218733586956,2.0820268451440724,2.0545142838537718,2.0642200017370573,0.20444779343165131,-0.07100181575515485,0.7936141092996317,1.0,0.6799789909653576,0.6870913527790158,0.6738989624430324,0.6833501272572,0.23453032973650323,0.24130437647201575,0.22545819852411247,0.2402755872814418,0.05563378132834712,0.05758484433727404,0.05560246403219331,0.055236223095520585
02010006,02010006_still.txt,still,937.0,240.0,60,59,0.01666666666666672,1,0,0,0,0,0,1,0.3708712470655493,0.052486068867386965,-0.18881118881118883,0.13053693837108557,0.13267840238518722,0.1251487812457356,0.16554519989709582,0.0642047441082416,0.14837915947796917,0.14137719546313895,0.14837915947796917,0.14442011889773906,0.09338838292174576,0.3912318449889427,0.4108849500085902,0.4064821017127195,0.3769959951946643,0.16879350472875343,0.22914600321552642,0.22844226246030122,0.22748787119499192,0.22713692951556844,0.060685397185502754,0.8314246258336555,0.831551267768576,0.8314246258336555,0.8410961655091165,0.0692550342113506,10.5,10.5,10.5,10.5,0.5,-0.6246519973076631,-0.5404103535794649,-0.6246519973076631,-0.6493114204618574,0.3219726360675368,0.3848150798583607,0.38832514284030784,0.38467213560556307,0.3807095049827257,0.04042928656973305,1.6856740932466208,1.6700760724176371,1.6856740932466208,1.71769876261182,0.0856588941650187,0.047232023708266624,0.3270352490234887,1.0,0.7559076793109385,0.7552969952067956,0.756489179138403,0.7561406037366123,0.4157273166107602,0.41127031634268496,0.41201985603976327,0.4198145857693046,0.06596196698904895,0.06771512295940299,0.0642614728210839,0.06488880651082729
02010007,02010007_still.txt,still,937.0,240.0,60,60,0.0,0,0,0,0,0,0,0,0.32940926662876197,0.020785513131393357,0.17482517482517487,0.34696169099833696,0.33850538323367607,0.34205415505306047,0.37469561422268116,0.19473973609391887,0.12596198506081127,0.12914483986320108,0.12366868460983979,0.13363126901992534,0.05347673613017795,0.3546811790155502,0.36889928677057393,0.35665228132714705,0.33851463959475336,0.1650813749628206,0.11797678916598653,0.11994553147780684,0.11748103090249838,0.11444006206182183,0.04302116378512194,0.766143453989482,0.7705433394304377,0.7669776582450357,0.7626531072144218,0.05404432155162209,11.5,11.5,11.5,11.25,1.5,-1.3686722444362598,-1.2859560709579092,-1.370380656841891,-1.3334105055935088,0.38101203320566923,0.28342932117286745,0.2841217970874703,0.2806011357546845,0.2747332656058052,0.046883921460221245,1.9770599086798761,1.9393695913923699,1.966661849048547,2.108896470559473,0.3780403148797453,0.06296108044139981,0.7042898199239594,1.0,0.715786310695729,0.7139794858864128,0.714612504308417,0.7194271859477297,0.315570891049624,0.317581579918174,0.3124412384746492,0.3230467554535411,0.062440799778851086,0.062458029134000566,0.062440799778851086,0.06251847652788056
02010008,02010008_still.txt,still,937.0,240.0,60,59,0.01666666666666672,1,0,0,0,0,0,1,0.6907920623044959,0.065356656704546,0.1958041958041958,0.4553865085757996,0.4629413172599643,0.3948303479390898,0.49314438935478017,0.24820815542432156,0.10365651246039613,0.10178087629368793,0.10351648649739743,0.0957832003092136,0.06138589182811949,0.2942779357574765,0.2942779357574765,0.3394427644437979,0.25751196314442243,0.1655174508343149,0.12295125115094029,0.11966631142130349,0.12757323647965207,0.10705610002954224,0.0813558781337857,0.7266512760294791,0.7227699920500411,0.750554421950329,0.7059861289943576,0.11072260306431247,10.5,10.5,10.5,10.5,0.0,-1.1854526282995528,-1.2117581377893007,-1.1469630499237455,-1.215598229911284,0.44907099666646144,0.24887642871962362,0.2483738384993041,0.2632363545913893,0.22920628164299867,0.08462419151300743,2.2739818835820724,2.2686537175441024,2.0919388765144995,2.406205539301799,0.6539744436889947,-0.0233975641697306,0.6402168101999693,1.0,0.7255979977512708,0.7251247684863119,0.7244871622314575,0.7277864709805844,0.3268357780031354,0.3231076353070306,0.327151891450616,0.34379088983729394,0.06563915361751908,0.06422239561636174,0.06496573263363417,0.06570293406233652
02010009,02010009_still.txt,still,937.0,240.0,60,59,0.01666666666666672,1,0,0,1,0,0,0,1.3864847498014037,0.019251697867486935,-0.013986013986013986,0.38994688296043983,0.41535075443822134,0.40823298478409287,0.3737299362236294,0.13417245789287124,0.16188426368340225,0.15847988500999363,0.1673424855005107,0.16103622618406704,0.07591742540970522,0.2500869599843315,0.24302639261078765,0.24775148548590273,0.2583746320693199,0.10679249679411934,0.1223908433307604,0.12559216438749912,0.12219616714154002,0.11865209870688868,0.04262689544603182,0.7775650019152089,0.7775407965786495,0.7775650019152089,0.7782289807599776,0.062445306371290865,11.0,10.5,10.5,10.5,0.75,-1.458473618655068,-1.4172045625605945,-1.5252476116778064,-1.4806228285964032,0.2946489655949125,0.2677085682546574,0.26646784421206066,0.2636230666976659,0.26898003176263413,0.022418884349967083,2.159181863452426,2.1669890285726274,2.1742427817573624,2.151727932635791,0.26186197853116244,-0.03564230089927989,0.7397337923091625,1.0,0.7290990033778837,0.7352283057772337,0.7271634385959896,0.7270702844556064,0.3397588160837515,0.356808469086897,0.33684219537933857,0.3308168659398985,0.06348116053963036,0.06432108703211115,0.06348116053963036,0.06116538187313807
02010010,02010010_still.txt,still,937.0,240.0,60,54,0.09999999999999998,6,0,0,1,0,1,5,1.0411291236612177,0.04483236831185623,0.3916083916083916,0.4020506986092936,0.4168529855763742,0.3843491528774801,0.39956738122795277,0.2122678072773076,0.18616734606185253,0.1978455013392586,0.19914529606783488,0.1924952295326785,0.09578808297793195,0.25602049570388274,0.26219990413926797,0.2734329985072129,0.24243880159474382,0.20440355528317766,0.07875653194955726,0.0799591553003052,0.07734831045148002,0.07738504857368675,0.032382916019534136,0.7367826825694557,0.7367826825694557,0.7323571725766345,0.7370468775038526,0.06376142507808868,9.5,9.5,9.5,9.5,2.0,-1.8704121501155317,-1.813566765219893,-1.9125862345590834,-1.9223865032754268,0.4105351288792618,0.22722780516313318,0.22480335786593686,0.22881945486769906,0.22331085343715718,0.04921113561425264,2.330038466620991,2.4111408743669163,2.2564967628952974,2.3215562914893955,0.48405393741741776,0.18904385226157228,0.8342852611831479,1.0,0.7030558791439478,0.7130210001542063,0.7025463289615211,0.698412849014138,0.252176988939685,0.2687895230384525,0.2464161060025824,0.2483058431734721,0.05600871910363557,0.061445793713876824,0.05568361360286407,0.05411677647759164
02010011,02010011_still.txt,still,937.0,240.0,60,60,0.0,0,0,0,0,0,0,0,0.32019874078770827,0.025855809616304008,-0.4755244755244756,0.39436866865193476,0.43751861011659665,0.38677498661524534,0.3855481754349561,0.19101201928986766,0.09870566318002869,0.10160996941794871,0.09510539798421572,0.09778765914867153,0.04286464332238686,0.4161335228995682,0.3589648104484165,0.4189142547122937,0.4161335228995682,0.17908292029547185,0.06356125316742098,0.053948176645147825,0.06399416003510935,0.07088053168298414,0.03848560678028834,0.6720612842174447,0.6643412484424716,0.6715815935058917,0.6801212507656498,0.053279243565430456,11.0,11.0,11.0,11.0,0.5,-1.6947553347369477,-1.812789963796912,-1.6883684360607298,-1.6007904857116695,0.4334471945269456,0.2320767469058304,0.21873515476435035,0.23223923062174404,0.23287461509696306,0.042991474631434295,1.9925902142029428,2.0837247240679426,1.9504077860101046,1.9942155115985476,0.3798046363569112,0.024926872313862702,0.7990764404796873,1.0,0.6734403241814739,0.673321144880967,0.6708585440938624,0.6779121789850798,0.21552543771489022,0.21267286588238174,0.2144908658007631,0.22645785223548504,0.055222013818001674,0.0539989048470601,0.05502466196514792,0.056773154558054775
02010012,02010012_still.txt,still,937.0,240.0,60,60,0.0,0,0,0,0,0,0,0,0.42852832734706403,0.04936633014007229,-0.21678321678321683,0.5791987381079524,0.5545700634071331,0.580812998634344,0.5981332278088727,0.20380697750282745,0.1263280399372938,0.12327705245331494,0.12867366278045902,0.12150966506789668,0.05458444764591375,0.15736835724151987,0.15391616735522165,0.1660344664853381,0.13149405634294042,0.12022731625261907,0.09214603761904341,0.10031843138162051,0.0908147805329966,0.0917481290214684,0.05420085561927025,0.7128445424846337,0.726921171776181,0.708026455123379,0.6954252891544312,0.09438349657784384,11.5,11.25,11.5,11.5,0.5,-1.5333290225012093,-1.4418103274842724,-1.7154950416492503,-1.44994994278272,0.3490805208891694,0.22037171577796572,0.24398038027728405,0.21606245423637432,0.2185603890877828,0.057571202074403666,2.497542356372606,2.5110532779561994,2.4871007203106292,2.6208891863695083,0.7282110776771473,0.11198180226906462,0.7501413329754822,1.0,0.7326568740157973,0.7414111758682168,0.7154583790694332,0.7356388872078121,0.352016081335492,0.3690660538103277,0.3041596315819607,0.3550935425784318,0.0621982601827164,0.06667025739244566,0.05721779139466469,0.062255622490258046
02010013,02010013_still.txt,still,937.0,240.0,60,56,0.06666666666666665,4,0,0,1,0,0,3,1.6575127922377295,0.14223382948849672,0.2937062937062937,0.3555636611757549,0.39576749035796155,0.3582650193881902,0.3456233401503678,0.246654121720161,0.14690939490031082,0.14938018366870037,0.14549856828004987,0.14220462791024296,0.08123159377837211,0.31545447593086073,0.3072746954562783,0.31895230984515277,0.2977831087039027,0.17783217970704807,0.09796149241328403,0.10419590806997905,0.10136452556961115,0.10147374958627733,0.05151285084860341,0.7574636726377288,0.7529613686823551,0.7565847785245112,0.7557607142984284,0.06770144562784952,10.0,10.0,10.0,10.0,1.0,-1.4782438804137161,-1.4657253057001052,-1.4701706643595955,-1.483416278285826,0.32030418310629494,0.2562583685447275,0.2507656417541373,0.259365575523318,0.25678881422004535,0.03533210611406801,2.0951408982193316,2.1314331426386928,2.0459239125165087,2.0849096644321277,0.3307751328163089,0.20840805879812851,0.7383649611511298,1.0,0.7151498631404591,0.7224415050771582,0.7127373399861427,0.7151498631404591,0.2950954267952701,0.30461338987001474,0.2928598407962385,0.2970902440582285,0.06135277784765231,0.06254969166794638,0.0605946916979308,0.060379333520581696
02010014,02010014_still.txt,still,937.0,240.0,60,56,0.06666666666666665,4,0,0,0,0,0,4,0.31008820096837053,0.02746048570342751,-0.2797202797202798,0.23929653690516448,0.21631420232264836,0.24207948637529958,0.2544105922247059,0.12363110275241002,0.21043136682092206,0.20537528424709894,0.21393670076574023,0.20364287069754453,0.09890836787993743,0.16209649752588412,0.1618130336877447,0.16404538593126886,0.15501627282759234,0.10034614155861565,0.22758332359564992,0.23039479702275206,0.22563794683772037,0.22870507248758512,0.09409295121837388,0.8748617721558472,0.8744017515778264,0.8713046979363516,0.8797147949759243,0.06652573578442178,10.0,10.0,10.0,10.0,2.125,-0.9328085481354136,-0.8750404694979763,-0.9993192099743353,-0.9289177665747217,0.4177444228023355,0.3985604973034467,0.40139173693286695,0.395760520023813,0.4089891146280178,0.06356562859818327,1.675857266419803,1.6787533618148558,1.6869319686823117,1.6581496307516814,0.30433335436452347,0.11501817652150148,0.48494917418545713,1.0,0.7665913738535465,0.7644190342036543,0.7652979253752497,0.7688967127162796,0.5428621896651502,0.5484943911250384,0.5433639869027638,0.5454438720415433,0.05783624011861146,0.058398639542116146,0.05837472814407456,0.05758724381927051
02010015,02010015_still.txt,still,937.0,240.0,60,60,0.0,0,0,0,0,0,0,0,0.7882052789645713,0.05285509670391055,0.2447552447552448,0.7286912583971308,0.7232932419876521,0.7219217220002216,0.7303450685902724,0.1933188434702784,0.1093285212325355,0.1135755776809838,0.11150699828083219,0.10849666957974458,0.04730916297878682,0.11565677802027258,0.10464006010860073,0.12015773925376466,0.1045304111164363,0.13702614450114015,0.03925013024228508,0.03568750108932625,0.038712510516977716,0.037180838895405785,0.03314656148882141,0.599776519354607,0.5933142381564376,0.598350683735081,0.6005311682111727,0.10661022142224108,10.0,10.0,10.0,10.0,0.0,-1.8437817202938767,-1.8919463710410676,-1.8429435430249492,-1.8408892020338112,0.5315806925367204,0.15161850752484057,0.14897338808313762,0.15172540092519005,0.1501326705581781,0.060502478116451625,3.427596787409753,3.4766060572422592,3.3460819172789407,3.4604399941226895,1.0379139952316638,0.062524025662416,0.8070632566501067,1.0,0.7150351317326038,0.7090059027688536,0.7178748492562776,0.7187923592895393,0.2722788283248223,0.2585424135422756,0.2722788283248223,0.27873405649518984,0.050875154589539326,0.04971616717393105,0.0534575420259312,0.04976356178597674
02010016,02010016_still.txt,still,937.0,240.0,60,60,0.0,0,0,0,0,0,0,0,1.7323081616919358,0.059367821271381745,-0.5104895104895105,0.6140486449551787,0.6367039048469658,0.5760761266315263,0.6241877134178435,0.37239019225159875,0.09811505796152484,0.09668759693689766,0.09811505796152484,0.10003410217481062,0.050332795051851495,0.1869163157431885,0.1869163157431885,0.20221715120600442,0.15698428798804798,0.27761319422792796,0.07838499339030698,0.07043099226884061,0.0784428049603873,0.07909523386342994,0.08266411723495858,0.659770075173561,0.63966615467437,0.6621040244917462,0.6626325110503115,0.1623104217135546,11.5,11.5,11.5,11.5,0.0,-1.5581467699096905,-1.539637296133864,-1.6605078855894884,-1.544956452801503,0.7692862095491693,0.21630398453095276,0.21269259656426595,0.21630398453095276,0.21807911594401724,0.10242350274380738,2.502789645147036,2.5742057833626566,2.4106678460801456,2.5455983705008585,1.1483847711005706,0.030151193942561605,0.7153518465666585,1.0,0.7189559783586961,0.7204957095827229,0.711532132161367,0.7263542722016525,0.323657999908635,0.32490715566802775,0.2998657296288591,0.3447813929049266,0.055820946603990396,0.05586258373362096,0.05460229017079337,0.05666169958476862
02010018,02010018_still.txt,still,937.0,240.0,60,60,0.0,0,0,0,0,0,0,0,0.386781285305064,0.021746976184922603,-0.006993006993006993,0.36421599854194264,0.35186117152888896,0.36128309377959433,0.41633217627070446,0.23360029171608077,0.3595936617551107,0.3839862844376388,0.36031191571013615,0.32974779575254076,0.2233324672704211,0.11990450409625965,0.1320372222632721,0.1205853241588595,0.10712840491725462,0.05083459712225265,0.076639771620993,0.0794636482973472,0.07024377556266034,0.08102646881944223,0.027918851280985285,0.7069978345141329,0.7237720818145503,0.6992857092350306,0.709603879778976,0.07437992340544164,8.0,8.5,8.25,8.0,1.0,-1.6129790085511453,-1.677605864140621,-1.6263420129930855,-1.4906801639366742,0.32738248573461326,0.22946389898875735,0.2294591355754173,0.22469565430714403,0.23982426443184376,0.03867602356030514,2.6383160156156342,2.5923584127137547,2.660124423045153,2.6349354196735666,0.30270789824364064,0.022796526294980524,0.7287523887638266,1.0,0.7406537043738668,0.7349398093669561,0.7372135401641496,0.7442909898405653,0.34519311249010765,0.33505571262179223,0.3403038219003688,0.3690550697298631,0.06570197208117609,0.06418302294194198,0.0649467571192707,0.06916915624881181
02010019,02010019_still.txt,still,937.0,240.0,60,60,0.0,0,0,0,0,0,0,0,0.7105116620464071,0.026917140320877584,0.1958041958041958,0.5739351874712092,0.5739351874712092,0.5683968311413887,0.5882512198618872,0.1211765662147195,0.2559458059166241,0.25512762579512543,0.24651214047906742,0.2502358625440533,0.09259508887548679,0.10885410026714348,0.10973826493184588,0.11540834876856307,0.08829606292083175,0.07596933238570187,0.030324184109969142,0.029840741391182722,0.04475066593233343,0.029334035659073106,0.03256622345170513,0.6322065386175914,0.629582638113319,0.6600973437887666,0.6248588695667174,0.07193804903146317,9.0,9.0,9.0,9.0,0.5,-2.1054138871035253,-2.3016772346245435,-1.7992649557689357,-2.1559938219036234,0.5876481375728693,0.15750091579381392,0.15685166571227482,0.18488638804688629,0.15639966157673513,0.05585201699681458,3.1359792066042753,3.1309334708181034,3.0429684021680723,3.2102875196462906,0.31953697324776087,0.09504081699569067,0.7961752807034415,1.0,0.7103073581192518,0.6970336281473744,0.7170022370119077,0.710028204384224,0.23340285655119952,0.2175242516010006,0.28167977909723285,0.23340285655119952,0.05148225156327177,0.0471692449923507,0.06287140734821438,0.051130004114576105
02010020,02010020_still.txt,still,937.0,240.0,60,60,0.0,0,0,0,0,0,0,0,0.8621176399180233,0.03501723624258203,0.1188811188811189,0.7447166663793272,0.7598219562634232,0.7409959401825779,0.7530092651339602,0.23406991823367485,0.11239443512218736,0.10283023561477561,0.11652565058636995,0.11967751388561307,0.08828803991694403,0.0634374254627163,0.056966755630962526,0.06731950529762418,0.061753076648769195,0.05569491303344536,0.0475505067754092,0.04333639637260593,0.05306712854529247,0.050631192340151024,0.051235300972976766,0.5729332818783481,0.5630160096511754,0.5763183979758371,0.5722631124777382,0.18347225953708812,10.5,10.5,10.5,10.5,2.625,-1.8815068494662508,-1.866656887246184,-1.942243789890696,-1.8352104445851327,0.5122941303725017,0.1775925425361528,0.17782190903017764,0.1792249312379851,0.1758352608737948,0.06950460994590388,3.7194696073446147,3.761785150949965,3.64659403912302,3.645350194001198,1.303817908932503,0.21882209019939314,0.8266410934605205,1.0,0.7725677272160445,0.7766092793944328,0.7726952402746936,0.7681243748105304,0.3701295479404015,0.3906826483441346,0.36671364720783783,0.36517315175949294,0.055302705961389774,0.0562156966028781,0.055822225498352245,0.05423783788349541
02010021,02010021_still.txt,still,937.0,240.0,60,60,0.0,0,0,0,0,0,0,0,0.9864454380526434,0.021818388383371017,-0.2937062937062937,0.5481812018592978,0.5540965815212913,0.5507506584678903,0.5313934596592267,0.18632457070441855,0.12168781727837608,0.12153745139297345,0.11804089279128956,0.13102588022641398,0.05364777921789264,0.16781131808777688,0.16129956928754813,0.16998559066583205,0.17562403136340188,0.14034902219442053,0.10917195699946013,0.11527382289034958,0.10421609672247323,0.10355914051383613,0.056430961417448564,0.71778925733294,0.7094033477241963,0.716152941644128,0.725546671008276,0.09022974278912699,11.5,11.5,11.5,11.5,3.0,-1.5618512995406415,-1.4590670626113278,-1.6180444046057474,-1.5746240435804615,0.41718762578843926,0.23955418996891656,0.23494946022437507,0.22980177538921565,0.2388698381402523,0.054837345068284526,2.3322218101889947,2.381852849576949,2.342192610899966,2.365601372581864,0.5512232169424296,0.13913385957302982,0.762154187751569,1.0,0.717858508738203,0.7234734568337369,0.7133277809323538,0.7164786606208497,0.3214455907408875,0.351296437484234,0.30829160782103804,0.31954342134751024,0.06005717046814299,0.0642285024464394,0.05926059213789313,0.05888802621629803
02010022,02010022_still.txt,still,937.0,240.0,60,56,0.06666666666666665,4,0,0,1,0,0,4,0.4765289329030577,0.023913469033183282,-0.7132867132867133,0.2862507924865358,0.27611733373922365,0.2726219895955394,0.3034866920448429,0.21972858435779768,0.32245497433366926,0.31320615165849264,0.3242379393029367,0.3145889823819201,0.11968969689840964,0.17232643099425443,0.15612653013432787,0.17237731193211453,0.17690469258199432,0.10490282972532183,0.14706134626995293,0.1397388277514785,0.14782601013583277,0.14165566317299266,0.07697716775191386,0.776747430709773,0.7606382439141991,0.7833351203251476,0.7765768057082088,0.07875888698882827,9.5,9.5,9.5,9.5,1.5,-1.8936802228555103,-1.9300467849210676,-1.9049164827122906,-1.8850190263662279,0.37692047996109324,0.2460008139974484,0.23938664035897614,0.24727044564022685,0.24623391541123613,0.04714862464261038,2.066798620679686,2.103074206847353,2.0281035142360704,2.066798620679686,0.4463135116897623,0.040548392124162724,0.7714689225876068,1.0,0.7049409298699683,0.7028982266960835,0.7047888407771417,0.708781419721466,0.2876009052326679,0.28394570579380696,0.2869807394171199,0.29362766896987,0.05484619902691286,0.055464290572400224,0.05683313367193879,0.05434900711120114
02010024,02010024_still.txt,still,937.0,240.0,60,53,0.1166666666666667,7,0,0,1,0,0,6,2.095477135409584,0.027897008154859827,0.2027972027972028,0.276305625136268,0.262500996559679,0.276305625136268,0.28181620761766907,0.15736534650416087,0.3015824575976387,0.31280428445266967,0.3147489359881453,0.2784563953678872,0.1051183556564323,0.27264773720750834,0.27801592301733546,0.2779169907530263,0.2500271049821437,0.09918657243979143,0.11325055300993327,0.11719003243657752,0.11350226598397696,0.13143560800436319,0.07818071683225317,0.7692220997955136,0.7713596902043864,0.763169106434678,0.7940852403677405,0.07136669261900819,11.0,11.0,11.0,11.0,0.5,-1.4000344951842139,-1.4214669491345353,-1.5324465793310456,-1.2356633503459908,0.42223500546399007,0.2625956211326903,0.2625956211326903,0.2524763662323787,0.2810352063847728,0.056388460171211185,1.965797086822272,1.965797086822272,1.9381520369493477,2.0055055583015484,0.29059671751353155,0.018454602358819017,0.6953467071167028,1.0,0.7086589276810679,0.7073779212867801,0.6962154196398102,0.7208861388176815,0.28377592219660247,0.27436531574091755,0.26923037943830525,0.3186684684942923,0.06044170723383509,0.05932104558458353,0.05863314109121328,0.06313890405318724
02010025,02010025_still.txt,still,937.0,240.0,60,49,0.18333333333333335,11,0,0,1,0,1,11,2.8756918052223215,0.2550327275966666,-0.1188811188811189,0.2839077232863514,0.2801252394435511,0.2590302624547203,0.2839077232863514,0.20156593467632833,0.13283348771759415,0.11434143768772556,0.13283348771759415,0.13747402126375563,0.060452134954751394,0.3831734906976809,0.38738297238669017,0.3861582561527811,0.3321690230549233,0.24307424536411776,0.16243333632769405,0.14476903471678224,0.15845725905644967,0.16866665722309146,0.05808639601955495,0.7372635463427478,0.7323085504939619,0.7491860827817213,0.7592075461417641,0.07407062391972996,9.5,9.5,9.5,9.5,0.5,-1.2653430187027268,-1.2406714927845126,-1.2811104088080372,-1.1903607188441796,0.44014363434166115,0.2963407202491003,0.2937548126202781,0.2945725104787089,0.30881314583676694,0.03780885110482218,1.889996275302213,1.9022578330006017,1.889996275302213,1.8742778887704254,0.2909431003309062,-0.03495200991867797,0.664719299212075,1.0,0.720813512008178,0.7183317194726268,0.7134982424869896,0.728104350416677,0.3165632438092497,0.3120629544879765,0.3137198666279986,0.34804767037185746,0.06418669765178961,0.06447890064176297,0.06417600037039359,0.06650296378000076
02010026,02010026_still.txt,still,937.0,240.0,60,54,0.09999999999999998,6,0,0,0,0,0,6,0.48990908444618886,0.014772377157038923,0.5664335664335665,0.2711388550646979,0.2567378360350652,0.2711388550646979,0.29229140527583997,0.14351630001851928,0.17440390755217752,0.155079692123049,0.18199959965922916,0.17643009567626816,0.0880718516479354,0.370536692694464,0.3789939310524423,0.370536692694464,0.3416248902081367,0.1756436839297933,0.14011884955981735,0.15663550103822105,0.13796080878790942,0.14129726357516417,0.052222362879470324,0.7780039525278684,0.7807630486317979,0.7764863284410721,0.7813191550505173,0.045984837797152234,9.5,9.5,9.5,9.5,1.25,-1.5397809969609833,-1.433940614788186,-1.5884905086366854,-1.5044612710089393,0.33959231329292994,0.2674048978301936,0.2769374253299005,0.26402866391636265,0.2700011466224536,0.03231286314660692,1.9593264281928429,1.922682501299922,1.9750744168403198,1.9634551334426145,0.18206409397576517,-0.03134712815765095,0.7396721779335459,1.0,0.7125375494002166,0.7122632679823326,0.7103577290696264,0.7148052881534048,0.3000296737129986,0.3041613631038453,0.297023941648791,0.30396779399934687,0.06039538872761856,0.060208871769795266,0.06029579435329922,0.05927495785050571
02010030,02010030_still.txt,still,937.0,240.0,60,53,0.1166666666666667,7,0,0,0,0,2,5,1.6038564130068989,0.06240692530687485,0.39860139860139865,0.4887864601867065,0.5057819732457947,0.4887864601867065,0.46293976208933224,0.23368394648848584,0.15563242356918933,0.13502093235936452,0.15516061674730552,0.14451874836158252,0.09667396567431782,0.1163910744042131,0.13086465838197703,0.1171923863770906,0.10744353094544418,0.11792039304594203,0.1630298609926911,0.1660067739971668,0.1630298609926911,0.1712061623569082,0.06499284968714472,0.768912843695875,0.7674469733086526,0.7762162185814164,0.7915356032570836,0.11074415332747067,11.5,11.5,11.5,11.25,2.0,-1.1851599360799667,-1.0717416710191985,-1.1908320461165043,-1.1867061506212622,0.3423573138527177,0.28897103521379486,0.28733054714311723,0.28450717383355517,0.29350660808373485,0.061406461600470086,2.1384987628065897,2.1309828169281677,2.1550003760366803,2.093601243368538,0.4891610302494831,0.2143989142034748,0.6118844716806369,0.9937106918238994,0.7388339265916998,0.7404489507361616,0.7362557400210855,0.7411237019263497,0.42994673060732286,0.4356655134581063,0.42349972757200816,0.43048498345196706,0.06269286558043125,0.06434702032523384,0.061891773773143394,0.06362698607082548
02010035,02010035_still.txt,still,937.0,240.0,60,57,0.050000000000000044,3,0,0,2,0,0,2,1.864319358855593,0.09052391323097306,0.5314685314685316,0.41466875935593894,0.4433088460241596,0.3950446148580217,0.4155339345842087,0.24428697846549619,0.09001642379169086,0.09296106847196259,0.08921823496177429,0.08818480480016366,0.045511478332196736,0.11717520845783552,0.10521255030133096,0.12838651426655232,0.11002518174782183,0.08807010260450925,0.2780580252244467,0.2615910789851791,0.28570496482999946,0.27038422769127746,0.1275932205232965,0.8257288303932955,0.8025853394110044,0.8216197369544951,0.8200525126993735,0.11217346439354181,10.0,10.0,10.0,10.0,0.5,-0.5948471698818131,-0.6043332216417354,-0.6439430725309864,-0.4968376814573286,0.4155285452954198,0.3735485160218235,0.365743857437828,0.3735485160218235,0.3610605759405117,0.0724952262841701,1.8026450033553796,1.8517010850204725,1.781512057777908,1.9090988236904254,0.3968332390292135,0.14483070947611054,0.27816866783473826,1.0,0.7619055858005114,0.7651092919108196,0.7608465756774406,0.7661764329214444,0.5379553006253299,0.542555652602111,0.532425463187107,0.537827978426676,0.06934049379056284,0.06849404570728211,0.07029161710832123,0.0708458493697317
02010038,02010038_still.txt,still,937.0,240.0,60,60,0.0,0,0,0,0,0,0,0,0.8568766478664724,0.0650888099482205,-0.43356643356643365,0.41947089287881817,0.42577616157680565,0.39592910227599076,0.45798201715003284,0.21372134772807483,0.14996196929244054,0.1496929439654205,0.15895561798916996,0.13596549907297587,0.0992270539427848,0.2054373039611267,0.20622585391122128,0.20910274329283293,0.17690552866299955,0.09331653315591687,0.1668341333130165,0.1676809213948527,0.1682973113063796,0.1517360189343981,0.09819192404814116,0.7683211589969487,0.7660679284480774,0.770977397130713,0.7686665400236876,0.0811266929722062,10.0,10.0,10.0,10.0,0.0,-1.4348077775423072,-1.4111121385245413,-1.5352666037414147,-1.4128930281564487,0.4575782564826796,0.2855515622699363,0.28658774649039065,0.2890069836694459,0.28284640862613497,0.08080665577537419,2.1282064399585834,2.1022054224433635,2.0865158689212224,2.207427467967375,0.5142214357252746,-0.14257709755328385,0.7381397715557632,1.0,0.7398010185895024,0.7387460717337262,0.7378349652059825,0.7468500321001921,0.36193640919419795,0.362940571362083,0.34984755617371105,0.38650762770087665,0.0662892050044192,0.06551668628208435,0.06620405500898091,0.06961383230059254
02020004,02020004_still.txt,still,937.0,240.0,60,52,0.1333333333333333,8,0,0,0,0,0,8,0.6144819091699545,0.11217624687026528,-0.16083916083916086,0.17048315624250254,0.17199169505813017,0.1733657851263462,0.18712282428166443,0.09275863553757946,0.2842579920731726,0.2957647327038271,0.28338861953528705,0.2850856590638535,0.13762450899627732,0.4188798791757463,0.4154895839360344,0.4234011709042601,0.38615102674004176,0.18156587368146004,0.08213162081963092,0.0802406364201087,0.08137285233601683,0.08157736761145531,0.031759611584863554,0.7056563177684795,0.700709547098799,0.7056563177684795,0.7088552613120638,0.0659188109366331,8.5,8.5,8.5,8.5,1.0,-1.5907590729434826,-1.621558388384512,-1.5907590729434826,-1.6151676483896664,0.293466595544988,0.23900991180976217,0.23748435451815347,0.238592572952698,0.240131014504087,0.01782551954972858,1.9654526824204674,1.9659234510591121,1.9442750982491672,1.976128927538646,0.1406955998263908,0.12882827761884208,0.7413659968519655,1.0,0.6806171829769028,0.6811702246365914,0.678172572228422,0.6882568616520459,0.20494694809268277,0.2069877501385982,0.20196705370033008,0.21690646713964676,0.05705071902528802,0.05639348912342251,0.05521267832014462,0.059524220406618665
02020007,02020007_still.txt,still,937.0,240.0,60,56,0.06666666666666665,4,0,0,1,0,0,4,1.5241997474854927,0.2446213160236165,-0.16083916083916086,0.2338258280032538,0.25739853764059706,0.23209079549989636,0.23003995467666827,0.14222249657459982,0.17497373503784408,0.1824628425590239,0.17497373503784408,0.17442717637463784,0.07560675705199518,0.3396524150544684,0.34630944849859263,0.3459443412244103,0.3317052366362402,0.12846937825378624,0.1875490305371314,0.18563831397339522,0.18537737681652666,0.18722065905278007,0.046469464311992614,0.8142607183831541,0.8136664482997221,0.8159278404700695,0.823554784036765,0.0294020961795054,11.5,11.25,11.5,11.5,1.5,-1.4112313613183423,-1.4492891768505056,-1.4206736478134332,-1.3638108153443724,0.31935794966780495,0.29521346743584803,0.294076991555801,0.2986546908574785,0.29894419530896166,0.029440620155101627,1.8287561068127085,1.8303441960728957,1.8081283437209548,1.8439617667624786,0.199972696944547,0.047573580279785865,0.6878481533408036,1.0,0.7114606215740205,0.7122924594013191,0.7119648225168054,0.7135582317764719,0.32091919640422223,0.31293365276224794,0.31670086022387534,0.32748990567618486,0.05680037320246901,0.05719094096476897,0.055844361727984335,0.05942339247140553
02020008,02020008_still.txt,still,937.0,240.0,60,60,0.0,0,0,0,0,0,0,0,0.6228536782751825,0.030191804018372695,0.10489510489510491,0.5883728337759772,0.5819905994269248,0.5843103083006465,0.6126047207703651,0.38957576477526046,0.11998052524159258,0.11899641720123141,0.11786588448750399,0.11988084279797132,0.07260065326789733,0.15871259840996665,0.1852617313210273,0.15871259840996665,0.14594222553044073,0.2178697345881006,0.06414627847476094,0.0651977039234841,0.06350964688200034,0.06374836751985442,0.05551120695597951,0.6678397924499808,0.6649438508457108,0.6667774022271422,0.6584147391445816,0.16403451939876945,10.0,10.0,10.0,10.0,0.125,-1.7424302402824214,-1.740025444906419,-1.7674258960376932,-1.7177668474256351,0.4429299835083551,0.19467893621968846,0.20057296019072143,0.19338171849812769,0.19499777808474159,0.08370237191187624,2.802769613821445,2.7669798254341,2.8050471877708274,2.829603336209024,1.343084342756994,0.07209326523514559,0.8038780480615302,1.0,0.7015065863568501,0.6984672070587763,0.6988058938355797,0.7059005973724627,0.2516529340583765,0.25186687212500847,0.24901608907466716,0.2557379557756169,0.0558597181242413,0.0560340430257578,0.05588505799294559,0.056921015559061885
02020010,02020010_still.txt,still,937.0,240.0,60,59,0.01666666666666672,1,0,0,0,0,1,0,0.8265198007088138,0.04453599881895843,-0.6363636363636365,0.39517520343109785,0.3920486924236644,0.3885341882771635,0.3958354647375823,0.2566384969574407,0.1526727482095615,0.14123803638010318,0.14733502632388634,0.15556201028810077,0.07556860621877323,0.3144788156801294,0.3227086160545385,0.3144788156801294,0.3238400779232557,0.24739487658334647,0.07240690855605761,0.06986638905261029,0.07240690855605761,0.07498387704338809,0.061588962412731776,0.69582044380562,0.6985493438445269,0.6923289495929194,0.6922716355041023,0.08211509308332987,9.0,9.0,9.0,9.0,0.5,-1.7330720834872342,-1.720651424112031,-1.7642227318230297,-1.7356465263369547,0.3436638502211786,0.22718658280993395,0.22674324083367497,0.22822107951911141,0.22646558304685904,0.03194309495575773,2.0937463492079083,2.1143400899618485,2.0937463492079083,2.1019579887814555,0.5273234590933482,0.098425069605101,0.7724785550253964,1.0,0.6849452172892314,0.6896548362411605,0.6849452172892314,0.6878790608663254,0.23690557960102998,0.2401861005114436,0.23690557960102998,0.23815472676572766,0.05615045815428431,0.05595979284740359,0.05639398073745596,0.05610006104267729
02020011,02020011_still.txt,still,937.0,240.0,60,53,0.1166666666666667,7,0,0,2,0,0,7,2.6007826710418365,0.39324155032501484,0.34965034965034975,0.23079868734381268,0.24760735958979502,0.24649239015148916,0.20499023635099303,0.10809393780844195,0.26189335034745714,0.2474655816032781,0.25974294061291475,0.2779870880245362,0.0828352486789943,0.2668727207131816,0.2604588247873108,0.2668727207131816,0.27591852880178797,0.08482830921959486,0.20740225474857302,0.20210276015128165,0.20206251576403472,0.22491745103539798,0.04546174276377618,0.8200075875424867,0.8183211302794774,0.8128381188280858,0.8297184232429852,0.036484632565415676,10.5,10.5,10.5,11.0,1.0,-1.8533322884933323,-1.817143259145668,-1.8757353147582192,-1.8163959422423788,0.2274890986516731,0.2775477343259907,0.27743810145936837,0.27084703269497135,0.28226709368312525,0.024116484837370056,1.8182242802951682,1.8311457401446962,1.852056047332035,1.759470609438271,0.14584009815937593,0.11927660428247044,0.7312799725773276,1.0,0.7159893543087595,0.7143978303787374,0.7149405994476837,0.7184751792510949,0.2937285320757393,0.2937285320757393,0.29059264718611283,0.30073055460862314,0.04929287349429105,0.05000834499235433,0.04924474077269438,0.0508166207842667
02020014,02020014_still.txt,still,937.0,240.0,60,59,0.01666666666666672,1,0,0,0,0,0,1,0.2778714278702851,0.009359516306789377,-0.06293706293706294,0.12858753054854608,0.13764093217310944,0.12897624260258556,0.13437413826328143,0.06103869884236539,0.18200001734655724,0.18947053936380412,0.18568506534620252,0.16334660832321798,0.0646320948123244,0.5290889470583398,0.5363393219363545,0.5338145483252045,0.4725768309779109,0.13874126187343028,0.11620121582675937,0.10620929116463529,0.11497678004082282,0.18073951487789058,0.06045695914813856,0.7462248727333338,0.7382113046005977,0.7415799913181218,0.8004211705992693,0.08249308580338655,9.5,9.5,9.5,9.5,0.5,-1.3883658245382113,-1.3894724057310808,-1.5222882956109283,-1.0171157351563023,0.2675143833879887,0.27267970294955224,0.268515159316585,0.2692616697782487,0.3181816554320773,0.023022602931609237,1.7731680899221454,1.7949943855481119,1.7429294504326414,1.7945852282668928,0.11189248829738685,0.0930883326389651,0.6358087796817488,1.0,0.6882588606332903,0.6872923533383146,0.6811777048232709,0.7223276781515549,0.23477471870492841,0.23280486428171995,0.23323649894835966,0.32792515461761296,0.060401555510263674,0.059954915856675665,0.057115953089718716,0.06632560994796848
02020015,02020015_still.txt,still,937.0,240.0,60,49,0.18333333333333335,11,0,0,5,0,4,9,5.660365802021157,0.11865226889207255,0.5384615384615385,0.24112603202290822,0.26039485611185004,0.22259410637978272,0.27685319537240516,0.1167609420930231,0.15926083869529278,0.1736542551869787,0.15926083869529278,0.15683990216952906,0.0779334255007823,0.42676529258656914,0.42676529258656914,0.43296929892545244,0.40362743899868025,0.15122390126987595,0.11384646130196778,0.10329793829776487,0.11384646130196778,0.10917345308718912,0.03906855365987097,0.7501597781859148,0.7450841422412237,0.7428382612466781,0.7545727558121363,0.05203416459985244,9.5,9.5,9.5,9.5,0.5,-1.5447028623545347,-1.600296473176316,-1.5780188735000897,-1.5026391633640972,0.30408694288280236,0.2617906323771334,0.2556424069334174,0.260392779730586,0.2617906323771334,0.02128071697997544,1.9198841549871186,1.935205777325751,1.889948007461754,1.950277869270323,0.2263548192976892,0.08838826295824376,0.7288757142421809,1.0,0.6920544064996434,0.6920483186279278,0.6903387472235628,0.6969977762121533,0.24503761544822458,0.240855686303894,0.24503761544822458,0.2604786744459779,0.05754004981679812,0.05531480933593631,0.056923332140605125,0.060398676640829915
02020016,02020016_still.txt,still,937.0,240.0,60,56,0.06666666666666665,4,0,0,1,0,1,3,0.9445511914986592,0.078335987104688,0.7552447552447553,0.3837846354531049,0.47771531480263074,0.27851108746077713,0.3846470212786003,0.3802805789264705,0.11590845882776481,0.09904069942067845,0.13708359774893175,0.1138568490466457,0.12700564616370907,0.30214133961255335,0.26433336451484524,0.37339188202601153,0.30858607536714244,0.32866728436243475,0.08171937307615174,0.07226323105196249,0.0937045944252294,0.08434088966807625,0.07150613371812709,0.6824402844596476,0.6545335861098962,0.6992232141759889,0.6863563721422428,0.1722226393842028,10.0,10.0,10.0,10.0,1.0,-1.5134909470918643,-1.6308318127807446,-1.5516941177540295,-1.39593963870769,0.43262443858679855,0.23547888504050626,0.22517872702077876,0.25599299474376846,0.23757198360171203,0.08310487145890338,2.0564700780956455,2.1981002885170984,1.935898994612257,2.023330878141935,0.769355483321088,-0.021770695671950335,0.6992630674751067,1.0,0.6933088161466918,0.6930641481291652,0.6881823380753477,0.6942273736728818,0.25628267658463166,0.256314957191156,0.25545441009658965,0.25821492747182206,0.05450892106086866,0.05322333626796729,0.05588776473080416,0.05541746791648968
02020019,02020019_still.txt,still,937.0,240.0,60,60,0.0,0,0,0,0,0,0,0,0.5844315508164999,0.022222588137109207,0.7482517482517484,0.48732522325121574,0.49699241380369347,0.4804972431207326,0.4911824740821069,0.17190479001853753,0.23757905144323882,0.2458442753587906,0.24962366223198346,0.22267649479134932,0.1066947550909143,0.12315204758109288,0.12060713414099725,0.12367681481012158,0.12378802033625394,0.10600131715520136,0.08811773428030648,0.08522641453811672,0.08947777770377038,0.09151713613781753,0.046961381792627155,0.7276452675840762,0.7297017752289463,0.7284618772169249,0.7327160617596249,0.07187706202095168,11.5,11.5,11.25,11.5,1.5,-1.870484194574002,-1.892759440303305,-1.9008186620829353,-1.824270480268554,0.3135626083108456,0.22673752545916764,0.2279668994548682,0.22793312674152133,0.22746030260421476,0.04289483343789882,2.4856350344765255,2.5356000951885056,2.47534686596222,2.4895747627788016,0.5127780133367548,0.021655102250048408,0.8255277061922085,1.0,0.7242129848516267,0.7257763432838134,0.7228489273755648,0.7240463211666802,0.3088927812294948,0.3071822683795994,0.30051259594979907,0.3123084495789326,0.05862796546997799,0.059384566433068865,0.05786184955701898,0.0593926477293408
02020021,02020021_still.txt,still,937.0,240.0,60,58,0.033333333333333326,2,0,0,0,0,0,2,0.6906725779403068,0.029028324818841742,0.2377622377622378,0.31581219972300545,0.306496759142708,0.3065112801163241,0.32311344651514806,0.15208049748268587,0.1984192684141745,0.1921658280102781,0.2010751139961897,0.18269012493788894,0.0822084532394213,0.25888191130658195,0.26320134776106185,0.2599375329836366,0.24802385936975785,0.2131981981461936,0.16284246273442016,0.15968744494481196,0.15948334571481168,0.16352591964884794,0.07001808334796136,0.8087045247371538,0.808909841685269,0.8023016450930062,0.7977013202325173,0.05451618916941392,10.5,10.5,10.5,10.5,1.0,-1.3628326233202013,-1.3195973999458412,-1.4221221542527522,-1.3243742065344168,0.3930134604903768,0.2924610017765953,0.2937609723256417,0.2924610017765953,0.2873565934267114,0.036813366186572494,1.9890738267629873,1.9805339515030778,1.9890738267629873,2.039001832785168,0.20558310398885937,0.1686137700621284,0.7183360167663405,1.0,0.7350082337065026,0.7336966188419121,0.7327869851874382,0.7347469273780551,0.3534555034873757,0.36265863362653883,0.34773903615116086,0.35215768266484676,0.0643034024224047,0.06519470737919582,0.06294607808910077,0.06448947577584313
02020022,02020022_still.txt,still,937.0,240.0,60,56,0.06666666666666665,4,0,0,4,0,2,0,0.8249278701895049,0.021775438868021774,0.20979020979020982,0.5354744593914931,0.6036139915750205,0.48237456813226176,0.5579910855820985,0.16725143200305137,0.15526441611931957,0.14457840737918606,0.16042388403297747,0.15251421239829627,0.068553332400133,0.1458580448431862,0.12494629282468714,0.1712698404632337,0.14424970712444252,0.08643902092502168,0.11884618620766504,0.10318339643691818,0.1284158346039282,0.1190429155527194,0.04761439765059165,0.7454076928074254,0.6980615598297072,0.7635596894390988,0.7407094966731751,0.09915216964076135,11.0,11.0,11.0,11.0,1.5,-1.6142444800918718,-1.6366885817067016,-1.6478898102783903,-1.466452346274278,0.3057711900306823,0.2433439599981008,0.22401216172748417,0.2476279339318706,0.2456679606385447,0.05470281902366425,2.50936890341979,2.758910603941513,2.417390900731089,2.5229977908588554,0.4857602782404782,0.23331346438436462,0.7691027325535984,1.0,0.7377062494280743,0.7383905674325246,0.7312382389303258,0.7460456272631066,0.3464748564661504,0.35260657838257525,0.33368280455334176,0.3717376711675489,0.06439506640941596,0.06331950875472891,0.06102727138771098,0.06560014817520496
02020023,02020023_still.txt,still,937.0,240.0,60,60,0.0,0,0,0,0,0,0,0,0.733389995325131,0.08989392597168594,-0.41958041958041964,0.5239843843392381,0.5334201902669846,0.5239843843392381,0.5100336085034862,0.20627923585562252,0.22109127904633294,0.21477226940082336,0.22092199170747107,0.23855313508433404,0.1140566465625672,0.09943736506177674,0.09995612337184065,0.10133323158207966,0.09667852457514556,0.060197426640549,0.08655320637029655,0.08976804806711465,0.0855871389400724,0.09073145377678177,0.04668382595534323,0.7133118116341345,0.7110437094738548,0.7154956496530013,0.7193947370864335,0.08970995004717586,9.0,9.0,9.0,9.0,2.5,-1.8927929843312865,-1.7564586026960618,-1.9345747460598615,-1.87822465167093,0.3705570762767476,0.21113930551507606,0.21504711883172595,0.2089040585317905,0.2156947996058537,0.04540096045119027,2.694916740222159,2.680371038384046,2.677709074570095,2.6615060123647214,0.5366608520067921,0.17323854094231095,0.8158148204056348,1.0,0.7293999617546614,0.7347648501274003,0.7274175571429169,0.7290912933426715,0.32846147224638667,0.34174463438093583,0.31927382398938137,0.32990598678438743,0.06376842922280715,0.06508513244032832,0.06279698218947444,0.06131041765285221
02020025,02020025_still.txt,still,937.0,240.0,60,55,0.08333333333333337,5,0,0,0,0,0,5,1.1089735476614968,0.05589833410399827,0.06293706293706294,0.3733401125717972,0.2973603827610295,0.3740427387598101,0.3733401125717972,0.2230380070380097,0.1830674662041729,0.1700177540345578,0.19050670702557215,0.17424020042358193,0.10773574654491294,0.17258822418287637,0.17948207702135519,0.17258822418287637,0.14939355421576095,0.14047586240572738,0.17862727802589606,0.2505023961496496,0.1736238642788685,0.1802360997426459,0.10939305739549382,0.7913669186466168,0.8479913844469957,0.7840677110667901,0.7890484196525052,0.09271580933560153,10.0,10.0,10.0,10.0,1.5,-1.301191520120405,-1.0226751640363037,-1.4371220522631816,-1.301191520120405,0.3782414881440366,0.29161544695218133,0.3424450258643105,0.28208547671567463,0.28596803612366833,0.036357891442174606,1.9927942554891864,1.8430001785470354,2.0060312548676187,2.0187678743621094,0.47222698000955976,0.0868300971089564,0.6983400685197274,1.0,0.7377677569785398,0.7499549938915291,0.7259558066417001,0.7355991533561664,0.3899918108163138,0.45586618697871517,0.36134262402634815,0.3899918108163138,0.06289561896521695,0.06635002847418428,0.059421787369916775,0.06459502716973042
02020026,02020026_still.txt,still,937.0,240.0,60,59,0.01666666666666672,1,0,0,0,0,0,1,0.4560026123762133,0.035964820439711415,0.2937062937062937,0.4232124211738089,0.41122866828784105,0.41822457455274675,0.4660620671913163,0.22162558251119713,0.12071156953786749,0.1180699888054326,0.12164412897124544,0.1195768412515493,0.04549408022668887,0.3186423921583924,0.33070854113987086,0.3348667851102432,0.27739706861780644,0.18679322823593142,0.08545232182351387,0.09005090274015042,0.0879580541849922,0.08011127138667552,0.045466124018413934,0.706812235104462,0.7030634953007969,0.7078038038904025,0.7028925649624769,0.07217203482276402,10.5,10.5,10.5,10.5,0.5,-1.6877636131994571,-1.7314168998323465,-1.693230262062984,-1.7524154044278952,0.3627710658839993,0.2307480862977793,0.2321573740835184,0.2328062279791818,0.2199268676129361,0.045746945845557885,2.045093110864839,2.045599736564889,2.023952813006986,2.203644555542134,0.35285481394518814,0.09731123273157216,0.7750769431204393,1.0,0.6741821012415897,0.6754094013471982,0.6715730948824513,0.6785254112594495,0.2298069099885467,0.23187757444991666,0.22772351015591927,0.22913711694017963,0.05541374670916445,0.05584463748557326,0.056000391438065664,0.055402207797859496
02020027,02020027_still.txt,still,937.0,240.0,60,57,0.050000000000000044,3,0,0,0,0,0,3,0.6583327980443233,0.07081566193940798,-0.3916083916083916,0.279665213095894,0.2512638815575819,0.2908010938859134,0.35223102975420545,0.21512996145959712,0.10559609938825365,0.10861963726600056,0.10855236574667154,0.1018612588634979,0.05643841382318253,0.37016220056185645,0.34378782388815277,0.4189822347423634,0.344784466376741,0.24763342686736686,0.17020206068662352,0.23062073959797028,0.16612983980837853,0.15167539908496652,0.07986283835654326,0.7581252923984857,0.8033057531209316,0.753504911931996,0.735451168195339,0.08871470770001033,11.0,11.0,11.0,11.0,1.0,-1.1111078111917863,-0.8279799391729853,-1.183860181477473,-1.1872315779036415,0.21554449343056514,0.30465754686724217,0.3457962759934541,0.30254713786848386,0.29589397563648945,0.037953372393510765,1.765459206025049,1.7113023432160868,1.7710947132711483,1.857056674600335,0.19109491973267745,-0.11974756455622249,0.5956092489669467,1.0,0.7185377520847753,0.7354206344881582,0.7146210355331905,0.7171315674556487,0.32628415533575217,0.3994868641462661,0.3134385047044151,0.3211192520664805,0.06083014154456412,0.061960402019955674,0.059926610827765264,0.061454422522891
02030002,02030002_still.txt,still,937.0,240.0,60,59,0.01666666666666672,1,0,0,1,0,1,0,4.708019801766475,0.05500274256858766,-0.3426573426573427,0.5532653409068451,0.540187813626528,0.5749826869722454,0.5799233086835998,0.22892795819149314,0.17137043474138017,0.17137043474138017,0.17659486501787267,0.1621748399960948,0.12950266522332288,0.0906387538513754,0.08818039419462305,0.0906387538513754,0.08521435432123327,0.05555940094531188,0.11619213614123045,0.12937437420096665,0.12163389451716074,0.10900545448312235,0.08526300229360698,0.7298320353377892,0.7497283657771362,0.7298320353377892,0.7156337572934315,0.15067887971151683,10.5,10.5,10.5,10.0,2.5,-1.5738413125190958,-1.4998693029718244,-1.66681278537501,-1.6283999442488597,0.3915807422183437,0.25423007438389017,0.27595758194910364,0.2515441716081693,0.24189459159915747,0.0836518412228113,2.472298594326436,2.3469797695330077,2.4930233522032634,2.57014717294493,0.8998663710221972,0.23759809191700754,0.7716087758380952,1.0,0.7538543646886751,0.7578406581109227,0.7528192638092861,0.753564339327429,0.42115203214414965,0.44003839765850594,0.4195415071648856,0.409617166908076,0.06466934304207954,0.06605640798685462,0.06433587634247093,0.06354106880724915
02030003,02030003_still.txt,still,937.0,240.0,60,56,0.06666666666666665,4,0,0,4,0,2,0,2.560690206167037,0.13683517816662882,0.09090909090909093,0.6112164862841925,0.6934745206989787,0.5769588750343682,0.598496362453599,0.20817720345668778,0.15290483013631373,0.10982193692620604,0.16463677651149927,0.16614617249783398,0.10868588793011967,0.09316245007216456,0.07770933275709715,0.0952783297475362,0.09715314779540252,0.06466837191393239,0.10262766641595447,0.09447012884191963,0.11773966053223256,0.10997772112490989,0.07185841808651997,0.6905050703883864,0.6405983803406208,0.718661283602479,0.6899132664622858,0.1673961755884571,9.0,9.75,9.0,9.5,3.0,-1.475726056476422,-1.4775735415845461,-1.4715986020756424,-1.4964634471590585,0.3527105022712058,0.21434099863338787,0.2006055984338065,0.22304582594727718,0.2145339140957912,0.06310171497745243,2.78345534453509,3.069362682436569,2.7110914886815403,2.8134415613623016,0.6919410650942885,0.2491135023230946,0.7332054155774412,1.0,0.7389797261477196,0.7383396757536747,0.7389703480800838,0.7405332785009393,0.37712758519674405,0.37705162574666323,0.37524844431472737,0.37241237358638246,0.06382194067042259,0.0633421459151648,0.06345508610480725,0.06417547543571697
02030004,02030004_still.txt,still,937.0,240.0,60,60,0.0,0,0,0,0,0,0,0,0.6183429582462205,0.016107775662730337,0.013986013986013986,0.4359525933088907,0.45801868713148275,0.43356097760383383,0.416619647715326,0.12065366423037938,0.23911799818399157,0.22691681702156075,0.2507671790538363,0.23459964129877658,0.0708568852455096,0.13709560247270708,0.137861216138879,0.1351565032692592,0.13365220556245155,0.07940553836237872,0.12017506810866652,0.11444593510408632,0.11404850095715571,0.1412135840943167,0.05519759781129985,0.7732094154459954,0.7644828623668434,0.7712767945495697,0.7866779897490064,0.07326933713909034,7.5,8.0,7.5,7.5,2.125,-1.3082773572318136,-1.3644406127517417,-1.374091341619199,-1.1630233404553427,0.3169121367812109,0.27143167714149435,0.26772475156427206,0.2670339996048218,0.2938602756936566,0.035082623349166564,2.3183644800693397,2.387594421888182,2.3073248967328777,2.2109488781439843,0.31008170769189514,0.06576832303889013,0.6934430739087221,1.0,0.7510391315480961,0.7506687192931963,0.7471123293980755,0.7568995464734312,0.4086763564959546,0.40993807694146445,0.3899902817942551,0.43383096758923634,0.06878666996332027,0.06896612467752432,0.06934224326400801,0.06839692131686136
02030005,02030005_still.txt,still,937.0,240.0,60,59,0.01666666666666672,1,0,0,1,0,1,0,1.5297659189378459,0.06847368574357299,0.6783216783216784,0.5551304393237173,0.5777093910214528,0.5547216323535396,0.5444014027489833,0.2536973399786298,0.2000220802962537,0.18746231305309785,0.20004733058914598,0.17898692717814577,0.11880369244416661,0.10965626317124974,0.10733423937753185,0.11728935648323743,0.1118942669003297,0.07578395482577209,0.0879526506501477,0.08682420810039619,0.08742127270858613,0.09318902770601441,0.05670393995240244,0.7172670798185095,0.702356201873596,0.7187654341799096,0.7234366124297645,0.14195979908819834,10.0,10.0,10.0,10.0,2.5,-1.607003804477588,-1.6303384228814923,-1.607003804477588,-1.580540423376435,0.36971332837718296,0.22396264049777864,0.2149003738355172,0.22778559486665362,0.23270364094655493,0.07133025701856696,2.809205254892758,2.9106484914171027,2.7642653609071064,2.752253551556072,0.8021071380184841,0.14702261110262604,0.7736614977072656,1.0,0.7470698307328386,0.7470698307328386,0.7430744760274495,0.7507043092357484,0.3721096376659689,0.3657100118510354,0.35937057660213906,0.38596187478043426,0.06662479300207755,0.06799818089114444,0.0648583551897938,0.06749116325573509
02030006,02030006_still.txt,still,937.0,240.0,60,60,0.0,0,0,0,0,0,0,0,0.6762810207872455,0.04646119334783897,0.4545454545454546,0.49897694587135344,0.49633773329022046,0.49897694587135344,0.49601118196628735,0.22818775744802922,0.12179717682065089,0.11934382823005613,0.12400961520531484,0.11813143011232728,0.059256720075598734,0.14074465148909446,0.13375149232750538,0.1430671696848594,0.15376204816432104,0.08556814463274699,0.19468787320108075,0.1986614668432022,0.191335520461291,0.19946188984628271,0.09541140611348764,0.7527476112180211,0.7603129231341517,0.7525179479925503,0.7508248541154993,0.10340249440998295,10.0,10.0,10.0,10.0,0.5,-1.329911862707934,-1.2772982046572574,-1.308518217049095,-1.2662089090603723,0.40557371666977104,0.2833244178240969,0.2863099863923668,0.28283735132411514,0.2838722744317894,0.06752585477899581,2.153276315116027,2.1476728887980885,2.1756961351240265,2.147597007185193,0.4979230949282849,-0.021451350556097815,0.6602383695525722,1.0,0.742744459778373,0.7455334152538983,0.7433867338967288,0.7412062557918623,0.43831040143995986,0.448368104596054,0.43744856559901724,0.4358417152731716,0.07072405819284927,0.07030147180125602,0.06964817733664919,0.06973197068259557
02030007,02030007_still.txt,still,937.0,240.0,60,58,0.033333333333333326,2,0,0,0,0,0,2,0.7999076127150941,0.07997913381114873,0.30069930069930073,0.35059820239807826,0.35059820239807826,0.3085736774690213,0.44996408234782265,0.36790372769225366,0.10223607995976772,0.10179989459098754,0.10537972339537542,0.08729507880217288,0.050647929731385766,0.36651975835171646,0.3661123808972472,0.4144831632145365,0.32825437251682654,0.2556410532490765,0.09791496832340514,0.10088348282853242,0.10588328386810825,0.08422626904111358,0.051375898182502905,0.7091232427812851,0.7123172201712331,0.7171453050593017,0.6751176141423727,0.10395227910717586,10.5,10.5,10.5,10.5,0.5,-1.4132985744614879,-1.4354437038684487,-1.4318900819450429,-1.3245696051915088,0.29744152665127976,0.265185317026892,0.26566625730193666,0.27327441291748844,0.2411899027192746,0.059052734564562004,1.974706190354559,1.974706190354559,1.8917667449423703,2.141005333327609,0.5764240942732595,0.050127327217398765,0.6983215613788549,1.0,0.7045347773546545,0.7025139311366652,0.6957238629309999,0.7067514355635509,0.2855895341900381,0.2861541276812909,0.27768413111976276,0.28907856360735107,0.0574433897900577,0.057054219430391406,0.05693522245450759,0.056395306170596335
02030008,02030008_still.txt,still,937.0,240.0,60,59,0.01666666666666672,1,0,0,0,0,0,1,0.8838886380121075,0.06584085117576216,-0.6363636363636365,0.37365612319095504,0.42619370700472814,0.3690498052611081,0.3643188339670099,0.23173296353347544,0.27159451936356893,0.2259703447860024,0.27303685813400824,0.27159451936356893,0.15064409603301182,0.1723224553513516,0.16441024847669228,0.177146350701678,0.1723224553513516,0.09290727887536648,0.11616817206410944,0.13272357815720712,0.11473623875063549,0.11418368993104762,0.06087740529054736,0.7656808591875205,0.7644902272458997,0.7633652430597635,0.7656808591875205,0.05962211061866429,9.5,9.5,10.0,9.5,3.5,-1.737237920735321,-1.57319965009092,-1.7793027679015225,-1.812950236971025,0.4816119563391852,0.2447119967824306,0.25215808925212335,0.2436910101312305,0.24073381422492085,0.04088909818367026,2.240101290606976,2.2531027888105815,2.2475840888888565,2.260448669990115,0.42589543768376403,0.15043559916204252,0.7861484933082399,1.0,0.7267374762111115,0.7317960038015373,0.7236263067905515,0.7234716011872486,0.3146038902331966,0.33929605520763373,0.3041073073903687,0.3114374074983937,0.0598076912444674,0.06142421625707871,0.0587648731744755,0.05982088398922804
02030009,02030009_still.txt,still,937.0,240.0,60,57,0.050000000000000044,3,0,0,0,0,0,3,1.0738660662641848,0.07688789268514862,0.5594405594405596,0.3961587785470755,0.3632800045764824,0.38387123904967224,0.5074718479510357,0.30514305266482517,0.15513679268064434,0.14065539030243548,0.1568055210149966,0.16398604921240637,0.07044001670963895,0.2031652628315145,0.18999095939072183,0.2161918055864031,0.1703872062968392,0.21425556407652535,0.14090846050954928,0.16204677047864322,0.14090846050954928,0.12136617381304647,0.09315010283389089,0.769895770643223,0.7830114173402178,0.7752144123922767,0.7241643505883834,0.11944490478641534,10.0,10.0,10.0,10.0,0.5,-1.219151282565596,-1.112423882601281,-1.219151282565596,-1.3750447751128771,0.3236567211140895,0.2861770533338474,0.30791969543878156,0.2861770533338474,0.2608372009625128,0.08608790578165984,2.113434895576121,2.0397001907438694,2.069653812581458,2.382505938031283,0.7153675578160683,0.027523318630148452,0.6731847067477166,1.0,0.745682551770734,0.7499493316524736,0.745682551770734,0.7442942165438498,0.39391767635890046,0.4356753995029838,0.39396309222041576,0.38226412764138756,0.06963558665924044,0.06878912425214447,0.06858740856173796,0.07036602312418355
02030010,02030010_still.txt,still,937.0,240.0,60,60,0.0,0,0,0,0,0,0,0,0.6162277993905574,0.021508857016057936,0.4825174825174825,0.5695148702871462,0.5552368877214418,0.5389029660603778,0.5569751698728715,0.22576681537757082,0.1868860505575201,0.18247660895119627,0.19991634594593471,0.18519624555480868,0.11119964044826725,0.123302122641781,0.1303157786599744,0.12577631038833037,0.11982748084455053,0.09315800445542192,0.08253544467950685,0.08990482537466513,0.09031059425364596,0.08008027316910414,0.04603453613786676,0.6925675926857966,0.6836269594016188,0.7063327472187072,0.6903106563780876,0.12927839260690444,9.0,9.0,9.0,9.0,1.0,-1.763318001938038,-1.587105050713085,-1.763318001938038,-1.7711111833775974,0.4489236651332873,0.22067234409984543,0.2231792009593565,0.22649657621457814,0.2140254988424122,0.06049076564714512,2.8144599801485617,2.8380274342836906,2.7711901671953934,2.8431936185463966,0.8403450791543361,0.2927675148849218,0.7821576224955975,1.0,0.7494849207878296,0.7553214734140181,0.7468210166648741,0.744932959102099,0.3462488490733526,0.36241863317181433,0.34278127055874497,0.3466536948203854,0.0671399585949899,0.06782512059097931,0.06692589978196185,0.06356971941251544
02030016,02030016_still.txt,still,937.0,240.0,60,58,0.033333333333333326,2,0,0,0,0,0,2,0.5615525239171352,0.08017194009114897,0.11188811188811189,0.33154335390167056,0.33134374948958856,0.32904067138390647,0.37884391167726555,0.19894550927795013,0.13441461765271828,0.12946986813201206,0.13639809807006745,0.11330028518157385,0.06224474241942511,0.29074499561503026,0.2893276077100483,0.30066181467156805,0.26446245818877445,0.17920051778692309,0.15230003517332846,0.15099201753195318,0.15210990281828551,0.15296213388359875,0.04998139070848941,0.7860192301891891,0.7903885178081866,0.7763923402336521,0.7888902313132192,0.06614605594954825,10.5,10.5,10.5,10.5,1.375,-1.2285787675454083,-1.2376839710841205,-1.2744163526038221,-1.0282270692453834,0.27895518173765477,0.29584794811701476,0.2930752064324068,0.2898278842278138,0.3128232340350514,0.0318596481073124,1.9920802934849635,1.9757440190821756,2.0081175312503845,2.029248268609857,0.2167111459315536,-0.11452373467377885,0.6656431086824037,1.0,0.7347574068485575,0.7341839084805304,0.7290130916424641,0.7481895956082389,0.35826346011171595,0.3553617315776655,0.3468867862274041,0.4124700708932124,0.0660741230131344,0.06614063636512335,0.06366896221319035,0.06752991557472089
02030020,02030020_still.txt,still,937.0,240.0,60,60,0.0,0,0,0,0,0,0,0,0.608605482451177,0.030325697427029223,-0.06993006993006995,0.6067654565351535,0.6062130956956681,0.604651981167837,0.5917014174453996,0.2447288932555841,0.13643692720572462,0.13549875453743526,0.1476685250164282,0.12591210403785866,0.05516811945751958,0.10554372436585033,0.10517496133350361,0.11254503239369497,0.09842527062495365,0.08348931767324548,0.10578324976459891,0.09965321198416244,0.10592589461386977,0.11282964964674927,0.08055660883117488,0.7161191443058674,0.6889330563242142,0.7150988515998911,0.7174264505562511,0.12791822980366951,10.75,11.0,11.0,11.0,1.0,-1.5868552870778223,-1.4760244908576494,-1.6327229762326128,-1.4767747616013622,0.3262149639471117,0.24991580318429013,0.24637723217015756,0.2520704851884865,0.25704972743102417,0.07386197727118804,2.4605700632702474,2.5992195372983278,2.4552826724080976,2.4658078256193843,0.7823054956951228,0.09463351604293724,0.7564780695289086,0.9944444444444445,0.7451459229309785,0.7480750089398818,0.7426687147157699,0.7468153017151652,0.409735806139254,0.4094216616669445,0.3971695651012781,0.41763454547476553,0.06382202555865257,0.06472260726957857,0.06317260509577828,0.06472432897618766
02030021,02030021_still.txt,still,937.0,240.0,60,47,0.21666666666666667,13,0,0,2,0,1,12,1.3608534571409185,0.09595628964263656,0.6643356643356644,0.2937914842157624,0.2979555198306622,0.2937914842157624,0.3073460323373482,0.2524437942288954,0.1502369198461299,0.14691587673131393,0.1502369198461299,0.144283251057119,0.11733265656895259,0.19836025442653088,0.19085717562216137,0.19836025442653088,0.19362535059338232,0.38534319482672064,0.13780247919240998,0.14079568424860076,0.14599919437973574,0.13693112575922542,0.06405410238444709,0.7771922409851114,0.7866166747449553,0.7835430566065109,0.7724271481276235,0.08675778537225454,10.5,10.5,10.5,10.5,2.0,-1.038203001760112,-0.9110144002389158,-0.9575290960005659,-1.111558992662006,0.3236622626367498,0.30817755085507076,0.3273422570378437,0.31463817251832654,0.3069432384353829,0.033179008104924246,1.9558212014145766,1.9134743055321102,1.9339348471117659,1.9860352037664293,0.3545631802470113,0.18630400504724065,0.5302976247440512,1.0,0.7530323208347507,0.7607055929784794,0.7506895713499009,0.7526275539259842,0.4305047521103743,0.46865184082872724,0.43646776217246946,0.4260231038617131,0.07007164173096138,0.07024151989834931,0.0698148077923134,0.07067976558044017
